BEGIN;

-- ─── Domain ───────────────────────────────────────────────────────────────────
INSERT INTO domains (domain_id, label, description, display_order, status) VALUES
('network', 'Networking', 'Azure networking fundamentals: virtual networks, connectivity, DNS, security, and routing.', 1, 'approved');

-- ─── Nodes ────────────────────────────────────────────────────────────────────
INSERT INTO nodes (node_id, domain_id, label, node_type, summary, status) VALUES
('vnet'                        , 'network', 'Virtual Network (VNet)'          , 'service', 'Isolated network in Azure. Foundation for private IP connectivity between resources.'                                      , 'approved'),
('subnet'                      , 'network', 'Subnet'                          , 'concept', 'IP address range subdivision within a VNet. Used to segment and secure resources.'                                         , 'approved'),
('nsg'                         , 'network', 'Network Security Group (NSG)'    , 'service', 'Stateful firewall with inbound/outbound rules attached to subnets or NICs.'                                                , 'approved'),
('dns-azure'                   , 'network', 'Azure DNS'                       , 'service', 'Hosts DNS domains in Azure. Supports public zones and private zones for VNet-internal resolution.'                         , 'approved'),
('public-ip'                   , 'network', 'Public IP Address'               , 'concept', 'Public IPv4/IPv6 address that can be assigned to Azure resources for internet connectivity.'                               , 'approved'),
('private-endpoint'            , 'network', 'Private Endpoint'                , 'service', 'Network interface that uses a private IP from your VNet to connect privately to Azure PaaS services.'                      , 'approved'),
('route-table'                 , 'network', 'Route Table (UDR)'               , 'service', 'Custom routing rules that override Azure default routes. Used for forced tunneling and NVA scenarios.'                     , 'approved'),
('private-dns'                 , 'network', 'Private DNS Zone'                , 'service', 'DNS name resolution within a VNet without custom DNS. Automatically linked to VNets for private endpoint resolution.'      , 'approved'),
('vpn-gateway'                 , 'network', 'VPN Gateway'                     , 'service', 'Managed virtual network gateway that sends encrypted traffic between Azure VNets and remote sites or users.'               , 'approved'),
('expressroute'                , 'network', 'ExpressRoute'                    , 'service', 'Private dedicated connectivity service between Microsoft cloud services and your on-premises infrastructure.'              , 'approved'),
('vnet-peering'                , 'network', 'Virtual Network Peering'         , 'service', 'Connectivity model that links virtual networks over the Azure backbone.'                                                   , 'approved'),
('virtual-wan'                 , 'network', 'Virtual WAN'                     , 'service', 'Managed networking service that unifies branch, remote user, VPN, ExpressRoute, and security connectivity.'                , 'approved'),
('local-network-gateway'       , 'network', 'Local Network Gateway'           , 'service', 'Azure representation of an on-premises VPN device and its address spaces.'                                                 , 'approved'),
('connection'                  , 'network', 'Connection'                      , 'service', 'Logical connectivity resource that links gateways, VNets, or remote sites.'                                                , 'approved'),
('load-balancer'               , 'network', 'Load Balancer'                   , 'service', 'Layer 4 load balancing service for high-performance inbound and outbound connectivity.'                                    , 'approved'),
('app-gateway'                 , 'network', 'Application Gateway'             , 'service', 'Layer 7 web traffic load balancer with TLS termination and application-aware routing.'                                     , 'approved'),
('front-door'                  , 'network', 'Front Door'                      , 'service', 'Global anycast entry service for web applications with layer 7 acceleration, routing, and protection.'                     , 'approved'),
('traffic-manager'             , 'network', 'Traffic Manager'                 , 'service', 'DNS-based traffic load balancer that selects endpoints according to routing methods and health.'                           , 'approved'),
('azure-firewall'              , 'network', 'Azure Firewall'                  , 'service', 'Managed cloud-native network security service that filters traffic with central policy control.'                           , 'approved'),
('firewall-policy'             , 'network', 'Firewall Policy'                 , 'service', 'Policy resource that centralizes rule collections and settings for Azure Firewall deployments.'                            , 'approved'),
('waf'                         , 'network', 'Web Application Firewall (WAF)'  , 'service', 'Layer 7 protection capability that inspects HTTP/S traffic for common web exploits.'                                       , 'approved'),
('waf-policy'                  , 'network', 'WAF Policy'                      , 'service', 'Configuration resource that defines managed rules, custom rules, exclusions, and rate limiting for WAF.'                   , 'approved'),
('ddos-protection'             , 'network', 'DDoS Protection'                 , 'service', 'Adaptive DDoS mitigation service for protecting Azure virtual networks from volumetric and protocol attacks.'              , 'approved'),
('azure-bastion'               , 'network', 'Azure Bastion'                   , 'service', 'Managed jump service that provides secure RDP and SSH connectivity to VMs over TLS in the Azure portal.'                   , 'approved'),
('asg'                         , 'network', 'Application Security Group (ASG)', 'service', 'Logical grouping of VM network interfaces for use in NSG security rules.'                                                  , 'approved'),
('nat-gateway'                 , 'network', 'NAT Gateway'                     , 'service', 'Managed outbound internet connectivity service for virtual networks.'                                                      , 'approved'),
('ip-group'                    , 'network', 'IP Group'                        , 'service', 'Reusable collection of IP addresses and ranges for Azure Firewall policy authoring.'                                       , 'approved'),
('public-ip-prefix'            , 'network', 'Public IP Prefix'                , 'service', 'Contiguous range of static public IP addresses that Azure allocates to your subscription.'                                 , 'approved'),
('private-link-service'        , 'network', 'Private Link Service'            , 'service', 'Service that publishes your own service privately to consumer VNets through Azure Private Link.'                           , 'approved'),
('dns-private-resolver'        , 'network', 'DNS Private Resolver'            , 'service', 'Managed service for resolving and conditionally forwarding DNS queries between Azure and on-premises environments.'        , 'approved'),
('network-watcher'             , 'network', 'Network Watcher'                 , 'service', 'Regional service that provides monitoring, diagnostics, and troubleshooting for Azure network resources.'                  , 'approved'),
('connection-monitor'          , 'network', 'Connection Monitor'              , 'service', 'End-to-end monitoring feature that measures reachability, latency, and path information between endpoints.'                , 'approved'),
('nsg-flow-logs'               , 'network', 'NSG Flow Logs'                   , 'service', 'Flow telemetry feature that records allowed and denied traffic evaluated by NSG rules.'                                    , 'approved'),
('traffic-analytics'           , 'network', 'Traffic Analytics'               , 'service', 'Analytics capability that enriches NSG flow logs with visualizations and traffic insights.'                                , 'approved'),
('service-endpoint'            , 'network', 'Service Endpoint'                , 'concept', 'VNet feature that extends private identity from a subnet to supported Azure services.'                                     , 'approved'),
('gateway-subnet'              , 'network', 'Gateway Subnet'                  , 'concept', 'Reserved subnet name used by Azure VPN Gateway and other virtual network gateway resources.'                               , 'approved'),
('private-link'                , 'network', 'Private Link'                    , 'concept', 'Azure networking capability that brings services into private IP space through private endpoints and Private Link service.', 'approved'),
('network-interface'           , 'network', 'Network Interface'               , 'concept', 'Virtual NIC resource that connects a VM or service instance to a subnet in a VNet.'                                        , 'approved'),
('hub-spoke-topology'          , 'network', 'Hub-Spoke Topology'              , 'concept', 'Reference network architecture that centralizes shared services in a hub VNet and isolates workloads in spoke VNets.'      , 'approved'),
('point-to-site-vpn'           , 'network', 'Point-to-Site VPN'               , 'concept', 'Remote-access VPN pattern that connects individual clients to Azure over a VPN Gateway.'                                   , 'approved'),
('site-to-site-vpn'            , 'network', 'Site-to-Site VPN'                , 'concept', 'Hybrid connectivity pattern that connects an on-premises VPN device or network to Azure using IPsec/IKE tunnels.'          , 'approved'),
('expressroute-private-peering', 'network', 'ExpressRoute Private Peering'    , 'concept', 'Peering option that carries private IP traffic between on-premises networks and Azure VNets over ExpressRoute.'            , 'approved'),
('global-vnet-peering'         , 'network', 'Global VNet Peering'             , 'concept', 'VNet peering that connects virtual networks across Azure regions over the Microsoft backbone.'                             , 'approved');

-- ─── Edges ────────────────────────────────────────────────────────────────────
INSERT INTO edges (source_id, target_id, relation_type, weight, status) VALUES
('subnet'                      , 'vnet'                        , 'belongs_to'      , 1.00, 'approved'),
('nsg'                         , 'subnet'                      , 'attached_to'     , 1.00, 'approved'),
('nsg'                         , 'vnet'                        , 'secures'         , 0.80, 'approved'),
('public-ip'                   , 'vnet'                        , 'attached_to'     , 0.70, 'approved'),
('private-endpoint'            , 'subnet'                      , 'belongs_to'      , 1.00, 'approved'),
('private-endpoint'            , 'private-dns'                 , 'resolves_via'    , 1.00, 'approved'),
('route-table'                 , 'subnet'                      , 'attached_to'     , 1.00, 'approved'),
('private-dns'                 , 'vnet'                        , 'attached_to'     , 1.00, 'approved'),
('dns-azure'                   , 'private-dns'                 , 'contains'        , 0.90, 'approved'),
('subnet'                      , 'route-table'                 , 'depends_on'      , 0.70, 'approved'),
('gateway-subnet'              , 'vnet'                        , 'belongs_to'      , 0.95, 'approved'),
('network-interface'           , 'subnet'                      , 'belongs_to'      , 1.00, 'approved'),
('private-link-service'        , 'subnet'                      , 'belongs_to'      , 0.95, 'approved'),
('azure-bastion'               , 'vnet'                        , 'belongs_to'      , 0.90, 'approved'),
('expressroute-private-peering', 'expressroute'                , 'belongs_to'      , 1.00, 'approved'),
('global-vnet-peering'         , 'vnet-peering'                , 'belongs_to'      , 0.95, 'approved'),
('vpn-gateway'                 , 'gateway-subnet'              , 'depends_on'      , 0.98, 'approved'),
('vpn-gateway'                 , 'local-network-gateway'       , 'connects_to'     , 0.92, 'approved'),
('vpn-gateway'                 , 'connection'                  , 'contains'        , 0.80, 'approved'),
('connection'                  , 'local-network-gateway'       , 'connects_to'     , 0.93, 'approved'),
('connection'                  , 'vpn-gateway'                 , 'connects_to'     , 0.93, 'approved'),
('site-to-site-vpn'            , 'vpn-gateway'                 , 'depends_on'      , 0.96, 'approved'),
('site-to-site-vpn'            , 'local-network-gateway'       , 'depends_on'      , 0.95, 'approved'),
('site-to-site-vpn'            , 'connection'                  , 'depends_on'      , 0.94, 'approved'),
('point-to-site-vpn'           , 'vpn-gateway'                 , 'depends_on'      , 0.95, 'approved'),
('expressroute'                , 'expressroute-private-peering', 'related_to'      , 0.95, 'approved'),
('expressroute-private-peering', 'vnet'                        , 'connects_to'     , 0.90, 'approved'),
('expressroute'                , 'vnet'                        , 'connects_to'     , 0.78, 'approved'),
('virtual-wan'                 , 'expressroute'                , 'connects_to'     , 0.88, 'approved'),
('virtual-wan'                 , 'vpn-gateway'                 , 'connects_to'     , 0.88, 'approved'),
('vnet-peering'                , 'vnet'                        , 'connects_to'     , 0.95, 'approved'),
('global-vnet-peering'         , 'vnet'                        , 'connects_to'     , 0.93, 'approved'),
('hub-spoke-topology'          , 'vnet'                        , 'contains'        , 0.86, 'approved'),
('hub-spoke-topology'          , 'vnet-peering'                , 'depends_on'      , 0.90, 'approved'),
('hub-spoke-topology'          , 'route-table'                 , 'depends_on'      , 0.82, 'approved'),
('hub-spoke-topology'          , 'azure-firewall'              , 'depends_on'      , 0.78, 'approved'),
('load-balancer'               , 'public-ip'                   , 'depends_on'      , 0.89, 'approved'),
('load-balancer'               , 'subnet'                      , 'connects_to'     , 0.76, 'approved'),
('app-gateway'                 , 'public-ip'                   , 'depends_on'      , 0.90, 'approved'),
('app-gateway'                 , 'subnet'                      , 'attached_to'     , 0.88, 'approved'),
('front-door'                  , 'app-gateway'                 , 'routes_to'       , 0.90, 'approved'),
('front-door'                  , 'load-balancer'               , 'routes_to'       , 0.84, 'approved'),
('front-door'                  , 'traffic-manager'             , 'alternative_to'  , 0.72, 'approved'),
('traffic-manager'             , 'load-balancer'               , 'routes_to'       , 0.86, 'approved'),
('azure-firewall'              , 'firewall-policy'             , 'depends_on'      , 0.97, 'approved'),
('firewall-policy'             , 'ip-group'                    , 'contains'        , 0.91, 'approved'),
('azure-firewall'              , 'vnet'                        , 'secures'         , 0.93, 'approved'),
('route-table'                 , 'azure-firewall'              , 'routes_to'       , 0.92, 'approved'),
('waf'                         , 'app-gateway'                 , 'secures'         , 0.94, 'approved'),
('waf'                         , 'front-door'                  , 'secures'         , 0.92, 'approved'),
('waf-policy'                  , 'waf'                         , 'depends_on'      , 0.89, 'approved'),
('waf-policy'                  , 'app-gateway'                 , 'secures'         , 0.90, 'approved'),
('waf-policy'                  , 'front-door'                  , 'secures'         , 0.90, 'approved'),
('ddos-protection'             , 'vnet'                        , 'secures'         , 0.95, 'approved'),
('ddos-protection'             , 'public-ip'                   , 'secures'         , 0.88, 'approved'),
('azure-bastion'               , 'subnet'                      , 'attached_to'     , 0.83, 'approved'),
('azure-bastion'               , 'nsg'                         , 'related_to'      , 0.67, 'approved'),
('asg'                         , 'nsg'                         , 'related_to'      , 0.90, 'approved'),
('asg'                         , 'network-interface'           , 'attached_to'     , 0.92, 'approved'),
('nat-gateway'                 , 'subnet'                      , 'attached_to'     , 0.95, 'approved'),
('nat-gateway'                 , 'public-ip'                   , 'depends_on'      , 0.90, 'approved'),
('nat-gateway'                 , 'public-ip-prefix'            , 'depends_on'      , 0.89, 'approved'),
('public-ip-prefix'            , 'public-ip'                   , 'contains'        , 0.93, 'approved'),
('private-link-service'        , 'load-balancer'               , 'depends_on'      , 0.92, 'approved'),
('private-link'                , 'private-endpoint'            , 'contains'        , 0.94, 'approved'),
('private-link'                , 'private-link-service'        , 'contains'        , 0.90, 'approved'),
('private-link'                , 'private-dns'                 , 'resolves_via'    , 0.82, 'approved'),
('dns-private-resolver'        , 'vnet'                        , 'attached_to'     , 0.92, 'approved'),
('dns-private-resolver'        , 'private-dns'                 , 'resolves_via'    , 0.89, 'approved'),
('dns-private-resolver'        , 'dns-azure'                   , 'related_to'      , 0.83, 'approved'),
('network-watcher'             , 'vnet'                        , 'monitors'        , 0.90, 'approved'),
('network-watcher'             , 'nsg'                         , 'monitors'        , 0.88, 'approved'),
('connection-monitor'          , 'network-watcher'             , 'depends_on'      , 0.95, 'approved'),
('connection-monitor'          , 'connection'                  , 'monitors'        , 0.87, 'approved'),
('connection-monitor'          , 'vpn-gateway'                 , 'monitors'        , 0.82, 'approved'),
('nsg-flow-logs'               , 'network-watcher'             , 'depends_on'      , 0.94, 'approved'),
('nsg-flow-logs'               , 'nsg'                         , 'monitors'        , 0.96, 'approved'),
('traffic-analytics'           , 'nsg-flow-logs'               , 'depends_on'      , 0.95, 'approved'),
('traffic-analytics'           , 'nsg'                         , 'monitors'        , 0.84, 'approved'),
('service-endpoint'            , 'subnet'                      , 'attached_to'     , 0.93, 'approved'),
('service-endpoint'            , 'private-endpoint'            , 'alternative_to'  , 0.84, 'approved'),
('private-link'                , 'service-endpoint'            , 'alternative_to'  , 0.88, 'approved'),
('network-interface'           , 'public-ip'                   , 'attached_to'     , 0.78, 'approved'),
('network-interface'           , 'nsg'                         , 'attached_to'     , 0.86, 'approved'),
('network-interface'           , 'asg'                         , 'related_to'      , 0.88, 'approved'),
('public-ip'                   , 'load-balancer'               , 'attached_to'     , 0.79, 'approved'),
('public-ip'                   , 'app-gateway'                 , 'attached_to'     , 0.79, 'approved'),
('public-ip'                   , 'vpn-gateway'                 , 'attached_to'     , 0.76, 'approved'),
('public-ip'                   , 'azure-bastion'               , 'attached_to'     , 0.74, 'approved'),
('expressroute'                , 'vpn-gateway'                 , 'alternative_to'  , 0.78, 'approved'),
('site-to-site-vpn'            , 'expressroute'                , 'alternative_to'  , 0.70, 'approved'),
('private-endpoint'            , 'private-link'                , 'related_to'      , 0.90, 'approved'),
('vnet-peering'                , 'vpn-gateway'                 , 'alternative_to'  , 0.66, 'approved'),
('dns-azure'                   , 'dns-private-resolver'        , 'related_to'      , 0.76, 'approved');

-- ─── Evidence ─────────────────────────────────────────────────────────────────
INSERT INTO evidence (node_id, excerpt, source_url, source_title, confidence_score, status) VALUES
('vnet',
 'Azure Virtual Network (VNet) is the fundamental building block for your private network in Azure.',
 'https://learn.microsoft.com/azure/virtual-network/virtual-networks-overview',
 'Azure Virtual Network documentation',
 0.96, 'approved'),

('vnet',
 'VNets provide address space, subnets, routing, and isolation for Azure workloads.',
 'https://learn.microsoft.com/azure/virtual-network/virtual-networks-overview',
 'Azure Virtual Network documentation',
 0.94, 'approved'),

('vnet',
 'Architects use VNets to connect Azure resources with each other, the internet, and on-premises networks.',
 'https://learn.microsoft.com/azure/virtual-network/virtual-networks-overview',
 'Azure Virtual Network documentation',
 0.92, 'approved'),

('vnet',
 'VNets integrate with subnets, private endpoints, peering, gateways, and DNS services.',
 'https://learn.microsoft.com/azure/virtual-network/virtual-networks-overview',
 'Azure Virtual Network documentation',
 0.90, 'approved'),

('subnet',
 'Each subnet uses a unique CIDR range inside the parent virtual network.',
 'https://learn.microsoft.com/azure/virtual-network/virtual-network-manage-subnet',
 'Add, change, or delete a virtual network subnet',
 0.96, 'approved'),

('subnet',
 'Subnets segment workloads and create network boundaries for different application tiers.',
 'https://learn.microsoft.com/azure/virtual-network/virtual-network-manage-subnet',
 'Add, change, or delete a virtual network subnet',
 0.94, 'approved'),

('subnet',
 'Teams place app tiers, gateway resources, or private endpoints in separate subnets for control and security.',
 'https://learn.microsoft.com/azure/virtual-network/virtual-network-manage-subnet',
 'Add, change, or delete a virtual network subnet',
 0.92, 'approved'),

('subnet',
 'Subnets can associate with NSGs, route tables, NAT Gateway, and service endpoints.',
 'https://learn.microsoft.com/azure/virtual-network/virtual-network-manage-subnet',
 'Add, change, or delete a virtual network subnet',
 0.90, 'approved'),

('nsg',
 'A network security group contains security rules that allow or deny inbound and outbound traffic.',
 'https://learn.microsoft.com/azure/virtual-network/network-security-groups-overview',
 'Network security groups',
 0.96, 'approved'),

('nsg',
 'Security rules evaluate source, destination, port, and protocol for inbound and outbound traffic.',
 'https://learn.microsoft.com/azure/virtual-network/network-security-groups-overview',
 'Network security groups',
 0.94, 'approved'),

('nsg',
 'Admins attach NSGs to subnets or NICs to control east-west and north-south traffic.',
 'https://learn.microsoft.com/azure/virtual-network/network-security-groups-overview',
 'Network security groups',
 0.92, 'approved'),

('nsg',
 'NSGs work with application security groups, flow logs, and Network Watcher monitoring.',
 'https://learn.microsoft.com/azure/virtual-network/network-security-groups-overview',
 'Network security groups',
 0.90, 'approved'),

('dns-azure',
 'Azure DNS allows you to host your DNS domain in Azure and manage DNS records with Azure tooling.',
 'https://learn.microsoft.com/azure/dns/dns-overview',
 'What is Azure DNS?',
 0.96, 'approved'),

('dns-azure',
 'Azure DNS hosts public and private zones with Azure RBAC, APIs, and billing integration.',
 'https://learn.microsoft.com/azure/dns/dns-overview',
 'What is Azure DNS?',
 0.94, 'approved'),

('dns-azure',
 'Organizations use Azure DNS to publish internet-facing records and manage authoritative DNS in Azure.',
 'https://learn.microsoft.com/azure/dns/dns-overview',
 'What is Azure DNS?',
 0.92, 'approved'),

('dns-azure',
 'Azure DNS complements Private DNS and DNS Private Resolver for hybrid name resolution.',
 'https://learn.microsoft.com/azure/dns/dns-overview',
 'What is Azure DNS?',
 0.90, 'approved'),

('public-ip',
 'Public IP addresses allow internet resources to communicate inbound to Azure resources.',
 'https://learn.microsoft.com/azure/virtual-network/ip-services/public-ip-addresses',
 'Public IP addresses',
 0.96, 'approved'),

('public-ip',
 'Public IP resources provide inbound connectivity and outbound internet access for Azure resources.',
 'https://learn.microsoft.com/azure/virtual-network/ip-services/public-ip-addresses',
 'Public IP addresses',
 0.94, 'approved'),

('public-ip',
 'Load balancers, gateways, firewalls, and application gateways consume public IP addresses.',
 'https://learn.microsoft.com/azure/virtual-network/ip-services/public-ip-addresses',
 'Public IP addresses',
 0.92, 'approved'),

('public-ip',
 'Public IPs can be allocated individually or from a public IP prefix and associated with networking services.',
 'https://learn.microsoft.com/azure/virtual-network/ip-services/public-ip-addresses',
 'Public IP addresses',
 0.90, 'approved'),

('private-endpoint',
 'A private endpoint is a network interface that uses a private IP address from your virtual network.',
 'https://learn.microsoft.com/azure/private-link/private-endpoint-overview',
 'What is a private endpoint?',
 0.96, 'approved'),

('private-endpoint',
 'Private endpoints map a service to a private IP in your VNet through Azure Private Link.',
 'https://learn.microsoft.com/azure/private-link/private-endpoint-overview',
 'What is a private endpoint?',
 0.94, 'approved'),

('private-endpoint',
 'Teams use private endpoints to keep PaaS traffic on the Microsoft backbone instead of public endpoints.',
 'https://learn.microsoft.com/azure/private-link/private-endpoint-overview',
 'What is a private endpoint?',
 0.92, 'approved'),

('private-endpoint',
 'Private endpoints commonly pair with Private DNS zones for name resolution.',
 'https://learn.microsoft.com/azure/private-link/private-endpoint-overview',
 'What is a private endpoint?',
 0.90, 'approved'),

('route-table',
 'If you want to change Azure''s default routing, you do so by creating a route table.',
 'https://learn.microsoft.com/azure/virtual-network/manage-route-table',
 'Create, change, or delete a route table',
 0.96, 'approved'),

('route-table',
 'Route tables let you define user-defined routes to override Azure system routes.',
 'https://learn.microsoft.com/azure/virtual-network/manage-route-table',
 'Create, change, or delete a route table',
 0.94, 'approved'),

('route-table',
 'Architects use route tables for forced tunneling, NVAs, hub-and-spoke, and segmented egress patterns.',
 'https://learn.microsoft.com/azure/virtual-network/manage-route-table',
 'Create, change, or delete a route table',
 0.92, 'approved'),

('route-table',
 'Route tables are associated to subnets and frequently work with Azure Firewall or gateway paths.',
 'https://learn.microsoft.com/azure/virtual-network/manage-route-table',
 'Create, change, or delete a route table',
 0.90, 'approved'),

('private-dns',
 'Azure Private DNS provides a reliable, secure DNS service to manage and resolve domain names in a virtual network.',
 'https://learn.microsoft.com/azure/dns/private-dns-overview',
 'What is Azure Private DNS?',
 0.96, 'approved'),

('private-dns',
 'Private DNS zones resolve names inside VNets without custom DNS servers.',
 'https://learn.microsoft.com/azure/dns/private-dns-overview',
 'What is Azure Private DNS?',
 0.94, 'approved'),

('private-dns',
 'Private DNS zones are commonly linked to VNets that host private endpoints and internal services.',
 'https://learn.microsoft.com/azure/dns/private-dns-overview',
 'What is Azure Private DNS?',
 0.92, 'approved'),

('private-dns',
 'Private DNS integrates with VNet links, private endpoints, and DNS Private Resolver.',
 'https://learn.microsoft.com/azure/dns/private-dns-overview',
 'What is Azure Private DNS?',
 0.90, 'approved'),

('vpn-gateway',
 'Azure VPN Gateway is a type of virtual network gateway that sends encrypted traffic between Azure and other networks.',
 'https://learn.microsoft.com/azure/vpn-gateway/vpn-gateway-about-vpngateways',
 'What is Azure VPN Gateway?',
 0.96, 'approved'),

('vpn-gateway',
 'VPN Gateway supports site-to-site, point-to-site, and VNet-to-VNet connectivity patterns.',
 'https://learn.microsoft.com/azure/vpn-gateway/vpn-gateway-about-vpngateways',
 'What is Azure VPN Gateway?',
 0.94, 'approved'),

('vpn-gateway',
 'Customers deploy VPN Gateway to extend on-premises networks or remote users into Azure over secure tunnels.',
 'https://learn.microsoft.com/azure/vpn-gateway/vpn-gateway-about-vpngateways',
 'What is Azure VPN Gateway?',
 0.92, 'approved'),

('vpn-gateway',
 'VPN Gateway requires a GatewaySubnet and connects with local network gateways and connection resources.',
 'https://learn.microsoft.com/azure/vpn-gateway/vpn-gateway-about-vpngateways',
 'What is Azure VPN Gateway?',
 0.90, 'approved'),

('expressroute',
 'Azure ExpressRoute lets you extend your on-premises networks into the Microsoft cloud over a private connection.',
 'https://learn.microsoft.com/azure/expressroute/expressroute-introduction',
 'What is Azure ExpressRoute?',
 0.96, 'approved'),

('expressroute',
 'ExpressRoute delivers predictable performance and avoids traversing the public internet.',
 'https://learn.microsoft.com/azure/expressroute/expressroute-introduction',
 'What is Azure ExpressRoute?',
 0.94, 'approved'),

('expressroute',
 'Enterprises use ExpressRoute for hybrid workloads that need high bandwidth, low latency, or compliance controls.',
 'https://learn.microsoft.com/azure/expressroute/expressroute-introduction',
 'What is Azure ExpressRoute?',
 0.92, 'approved'),

('expressroute',
 'ExpressRoute circuits expose peering options and connect Azure VNets through gateways.',
 'https://learn.microsoft.com/azure/expressroute/expressroute-introduction',
 'What is Azure ExpressRoute?',
 0.90, 'approved'),

('vnet-peering',
 'Virtual network peering connects Azure virtual networks seamlessly through the Microsoft backbone network.',
 'https://learn.microsoft.com/azure/virtual-network/virtual-network-peering-overview',
 'Virtual network peering',
 0.96, 'approved'),

('vnet-peering',
 'Virtual network peering enables low-latency connectivity between peered VNets without gateways.',
 'https://learn.microsoft.com/azure/virtual-network/virtual-network-peering-overview',
 'Virtual network peering',
 0.94, 'approved'),

('vnet-peering',
 'Teams use VNet peering to connect hub and spoke networks or shared services across environments.',
 'https://learn.microsoft.com/azure/virtual-network/virtual-network-peering-overview',
 'Virtual network peering',
 0.92, 'approved'),

('vnet-peering',
 'Peering works with user-defined routes, NSGs, service chaining, and both regional and global VNets.',
 'https://learn.microsoft.com/azure/virtual-network/virtual-network-peering-overview',
 'Virtual network peering',
 0.90, 'approved'),

('virtual-wan',
 'Azure Virtual WAN is a networking service that brings many networking, security, and routing functionalities together.',
 'https://learn.microsoft.com/azure/virtual-wan/virtual-wan-about',
 'What is Azure Virtual WAN?',
 0.96, 'approved'),

('virtual-wan',
 'Virtual WAN simplifies large-scale transit networking with hubs and integrated connectivity services.',
 'https://learn.microsoft.com/azure/virtual-wan/virtual-wan-about',
 'What is Azure Virtual WAN?',
 0.94, 'approved'),

('virtual-wan',
 'Global organizations use Virtual WAN to connect branches, users, and VNets with centralized policy.',
 'https://learn.microsoft.com/azure/virtual-wan/virtual-wan-about',
 'What is Azure Virtual WAN?',
 0.92, 'approved'),

('virtual-wan',
 'Virtual WAN integrates with VPN, ExpressRoute, routing, hubs, and partner SD-WAN solutions.',
 'https://learn.microsoft.com/azure/virtual-wan/virtual-wan-about',
 'What is Azure Virtual WAN?',
 0.90, 'approved'),

('local-network-gateway',
 'A local network gateway typically represents your on-premises location and tells Azure how to reach it.',
 'https://learn.microsoft.com/azure/vpn-gateway/tutorial-site-to-site-portal',
 'Create a site-to-site VPN connection in the Azure portal',
 0.96, 'approved'),

('local-network-gateway',
 'Local network gateways define remote VPN endpoint IPs and prefixes for site-to-site connectivity.',
 'https://learn.microsoft.com/azure/vpn-gateway/tutorial-site-to-site-portal',
 'Create a site-to-site VPN connection in the Azure portal',
 0.94, 'approved'),

('local-network-gateway',
 'Admins create a local network gateway before establishing a site-to-site connection to a remote site.',
 'https://learn.microsoft.com/azure/vpn-gateway/tutorial-site-to-site-portal',
 'Create a site-to-site VPN connection in the Azure portal',
 0.92, 'approved'),

('local-network-gateway',
 'Local network gateways pair with VPN gateways and connection resources.',
 'https://learn.microsoft.com/azure/vpn-gateway/tutorial-site-to-site-portal',
 'Create a site-to-site VPN connection in the Azure portal',
 0.90, 'approved'),

('connection',
 'A connection resource defines the relationship that joins a VPN gateway to another gateway or remote site.',
 'https://learn.microsoft.com/azure/vpn-gateway/tutorial-site-to-site-portal',
 'Create a site-to-site VPN connection in the Azure portal',
 0.96, 'approved'),

('connection',
 'Connections define how VPN or hybrid connectivity is established, including shared keys and tunnel settings.',
 'https://learn.microsoft.com/azure/vpn-gateway/tutorial-site-to-site-portal',
 'Create a site-to-site VPN connection in the Azure portal',
 0.94, 'approved'),

('connection',
 'Operators create connection resources to implement site-to-site or VNet-to-VNet connectivity.',
 'https://learn.microsoft.com/azure/vpn-gateway/tutorial-site-to-site-portal',
 'Create a site-to-site VPN connection in the Azure portal',
 0.92, 'approved'),

('connection',
 'Connections relate VPN gateways, local network gateways, and monitoring tools like Connection Monitor.',
 'https://learn.microsoft.com/azure/vpn-gateway/tutorial-site-to-site-portal',
 'Create a site-to-site VPN connection in the Azure portal',
 0.90, 'approved'),

('load-balancer',
 'Azure Load Balancer is a high-performance, ultra-low-latency Layer 4 load-balancing service.',
 'https://learn.microsoft.com/azure/load-balancer/load-balancer-overview',
 'What is Azure Load Balancer?',
 0.96, 'approved'),

('load-balancer',
 'Azure Load Balancer distributes TCP and UDP traffic across healthy backend instances.',
 'https://learn.microsoft.com/azure/load-balancer/load-balancer-overview',
 'What is Azure Load Balancer?',
 0.94, 'approved'),

('load-balancer',
 'Teams place public or internal load balancers in front of VM scale sets, NVAs, or services.',
 'https://learn.microsoft.com/azure/load-balancer/load-balancer-overview',
 'What is Azure Load Balancer?',
 0.92, 'approved'),

('load-balancer',
 'Load Balancer uses frontends such as public IPs and can back Private Link services.',
 'https://learn.microsoft.com/azure/load-balancer/load-balancer-overview',
 'What is Azure Load Balancer?',
 0.90, 'approved'),

('app-gateway',
 'Azure Application Gateway is a web traffic load balancer that enables you to manage traffic to your web applications.',
 'https://learn.microsoft.com/azure/application-gateway/overview',
 'What is Azure Application Gateway?',
 0.96, 'approved'),

('app-gateway',
 'Application Gateway provides host-based routing, path-based routing, session affinity, and TLS termination.',
 'https://learn.microsoft.com/azure/application-gateway/overview',
 'What is Azure Application Gateway?',
 0.94, 'approved'),

('app-gateway',
 'Architects use Application Gateway to publish web apps with reverse proxy features in a VNet.',
 'https://learn.microsoft.com/azure/application-gateway/overview',
 'What is Azure Application Gateway?',
 0.92, 'approved'),

('app-gateway',
 'Application Gateway works with WAF policies, public IPs, and dedicated subnets.',
 'https://learn.microsoft.com/azure/application-gateway/overview',
 'What is Azure Application Gateway?',
 0.90, 'approved'),

('front-door',
 'Azure Front Door is a modern cloud content delivery network that provides fast, reliable, and secure access to web applications.',
 'https://learn.microsoft.com/azure/frontdoor/standard-premium/overview',
 'What is Azure Front Door?',
 0.96, 'approved'),

('front-door',
 'Azure Front Door provides global load balancing, health probing, caching, and WAF at the edge.',
 'https://learn.microsoft.com/azure/frontdoor/standard-premium/overview',
 'What is Azure Front Door?',
 0.94, 'approved'),

('front-door',
 'Multi-region applications use Front Door to route users to the best healthy backend.',
 'https://learn.microsoft.com/azure/frontdoor/standard-premium/overview',
 'What is Azure Front Door?',
 0.92, 'approved'),

('front-door',
 'Front Door can route to Application Gateway or other origins and overlaps with some Traffic Manager scenarios.',
 'https://learn.microsoft.com/azure/frontdoor/standard-premium/overview',
 'What is Azure Front Door?',
 0.90, 'approved'),

('traffic-manager',
 'Azure Traffic Manager is a DNS-based traffic load balancer that enables you to distribute traffic optimally to services across regions.',
 'https://learn.microsoft.com/azure/traffic-manager/traffic-manager-overview',
 'What is Traffic Manager?',
 0.96, 'approved'),

('traffic-manager',
 'Traffic Manager supports priority, weighted, performance, geographic, subnet, and multivalue routing.',
 'https://learn.microsoft.com/azure/traffic-manager/traffic-manager-overview',
 'What is Traffic Manager?',
 0.94, 'approved'),

('traffic-manager',
 'Teams use Traffic Manager to distribute traffic across regions or fail over between endpoints.',
 'https://learn.microsoft.com/azure/traffic-manager/traffic-manager-overview',
 'What is Traffic Manager?',
 0.92, 'approved'),

('traffic-manager',
 'Traffic Manager commonly fronts load balancers, public endpoints, or multi-region applications.',
 'https://learn.microsoft.com/azure/traffic-manager/traffic-manager-overview',
 'What is Traffic Manager?',
 0.90, 'approved'),

('azure-firewall',
 'Azure Firewall is a managed, cloud-based network security service that protects your Azure Virtual Network resources.',
 'https://learn.microsoft.com/azure/firewall/overview',
 'What is Azure Firewall?',
 0.96, 'approved'),

('azure-firewall',
 'Azure Firewall supports application rules, network rules, DNAT, and threat intelligence scenarios.',
 'https://learn.microsoft.com/azure/firewall/overview',
 'What is Azure Firewall?',
 0.94, 'approved'),

('azure-firewall',
 'Hub networks use Azure Firewall for centralized ingress, egress, and east-west filtering.',
 'https://learn.microsoft.com/azure/firewall/overview',
 'What is Azure Firewall?',
 0.92, 'approved'),

('azure-firewall',
 'Azure Firewall works with Firewall Policy, IP Groups, route tables, and monitoring logs.',
 'https://learn.microsoft.com/azure/firewall/overview',
 'What is Azure Firewall?',
 0.90, 'approved'),

('firewall-policy',
 'Azure Firewall Policy is a top-level resource that contains security and operational settings for Azure Firewall.',
 'https://learn.microsoft.com/azure/firewall/policy-overview',
 'What is Azure Firewall Policy?',
 0.96, 'approved'),

('firewall-policy',
 'Firewall Policy lets teams manage DNAT, network, application, and threat intelligence settings centrally.',
 'https://learn.microsoft.com/azure/firewall/policy-overview',
 'What is Azure Firewall Policy?',
 0.94, 'approved'),

('firewall-policy',
 'Organizations reuse a firewall policy across multiple firewalls and regions for consistent governance.',
 'https://learn.microsoft.com/azure/firewall/policy-overview',
 'What is Azure Firewall Policy?',
 0.92, 'approved'),

('firewall-policy',
 'Firewall Policy can reference IP Groups and is applied by Azure Firewall.',
 'https://learn.microsoft.com/azure/firewall/policy-overview',
 'What is Azure Firewall Policy?',
 0.90, 'approved'),

('waf',
 'Azure Web Application Firewall provides centralized protection of your web applications from common exploits and vulnerabilities.',
 'https://learn.microsoft.com/azure/web-application-firewall/overview',
 'What is Azure Web Application Firewall on Azure?',
 0.96, 'approved'),

('waf',
 'Azure WAF helps protect web applications from attacks such as SQL injection and cross-site scripting.',
 'https://learn.microsoft.com/azure/web-application-firewall/overview',
 'What is Azure Web Application Firewall on Azure?',
 0.94, 'approved'),

('waf',
 'Teams enable WAF on Application Gateway or Front Door when publishing internet-facing web apps.',
 'https://learn.microsoft.com/azure/web-application-firewall/overview',
 'What is Azure Web Application Firewall on Azure?',
 0.92, 'approved'),

('waf',
 'WAF is managed through WAF policies and integrates with Application Gateway and Front Door.',
 'https://learn.microsoft.com/azure/web-application-firewall/overview',
 'What is Azure Web Application Firewall on Azure?',
 0.90, 'approved'),

('waf-policy',
 'A WAF policy lets you manage rule settings independently from the application delivery configuration.',
 'https://learn.microsoft.com/azure/web-application-firewall/ag/policy-overview',
 'Application Gateway Web Application Firewall policy overview',
 0.96, 'approved'),

('waf-policy',
 'WAF policies define managed rules, custom rules, exclusions, and tuning behavior.',
 'https://learn.microsoft.com/azure/web-application-firewall/ag/policy-overview',
 'Application Gateway Web Application Firewall policy overview',
 0.94, 'approved'),

('waf-policy',
 'Security teams use WAF policies to standardize protections across multiple applications.',
 'https://learn.microsoft.com/azure/web-application-firewall/ag/policy-overview',
 'Application Gateway Web Application Firewall policy overview',
 0.92, 'approved'),

('waf-policy',
 'WAF policies are associated with Application Gateway or Front Door and implement WAF behavior.',
 'https://learn.microsoft.com/azure/web-application-firewall/ag/policy-overview',
 'Application Gateway Web Application Firewall policy overview',
 0.90, 'approved'),

('ddos-protection',
 'Azure DDoS Protection combines always-on traffic monitoring with automatic mitigation for public endpoints in protected VNets.',
 'https://learn.microsoft.com/azure/ddos-protection/ddos-protection-overview',
 'Azure DDoS Protection overview',
 0.96, 'approved'),

('ddos-protection',
 'DDoS Protection adds attack telemetry and tuned mitigation for public IP resources in protected virtual networks.',
 'https://learn.microsoft.com/azure/ddos-protection/ddos-protection-overview',
 'Azure DDoS Protection overview',
 0.94, 'approved'),

('ddos-protection',
 'Internet-facing workloads enable DDoS Protection to improve resilience and incident visibility.',
 'https://learn.microsoft.com/azure/ddos-protection/ddos-protection-overview',
 'Azure DDoS Protection overview',
 0.92, 'approved'),

('ddos-protection',
 'DDoS Protection works with VNets, public IPs, and monitoring integrations.',
 'https://learn.microsoft.com/azure/ddos-protection/ddos-protection-overview',
 'Azure DDoS Protection overview',
 0.90, 'approved'),

('azure-bastion',
 'Azure Bastion is a fully managed service that provides more secure and seamless RDP and SSH access to virtual machines.',
 'https://learn.microsoft.com/azure/bastion/bastion-overview',
 'What is Azure Bastion?',
 0.96, 'approved'),

('azure-bastion',
 'Azure Bastion removes the need to expose VM public IPs for administrative access.',
 'https://learn.microsoft.com/azure/bastion/bastion-overview',
 'What is Azure Bastion?',
 0.94, 'approved'),

('azure-bastion',
 'Admins use Bastion to reach VMs in private subnets securely from the browser or native client.',
 'https://learn.microsoft.com/azure/bastion/bastion-overview',
 'What is Azure Bastion?',
 0.92, 'approved'),

('azure-bastion',
 'Bastion is deployed in a dedicated subnet inside a VNet and complements private network patterns.',
 'https://learn.microsoft.com/azure/bastion/bastion-overview',
 'What is Azure Bastion?',
 0.90, 'approved'),

('asg',
 'Application security groups let you configure network security as a natural extension of an application structure.',
 'https://learn.microsoft.com/azure/virtual-network/application-security-groups',
 'Application security groups',
 0.96, 'approved'),

('asg',
 'Application Security Groups let you express NSG rules by application grouping instead of IP addresses.',
 'https://learn.microsoft.com/azure/virtual-network/application-security-groups',
 'Application security groups',
 0.94, 'approved'),

('asg',
 'Operators use ASGs to simplify rules for multi-tier apps as membership changes over time.',
 'https://learn.microsoft.com/azure/virtual-network/application-security-groups',
 'Application security groups',
 0.92, 'approved'),

('asg',
 'ASGs integrate with NSGs and NICs to create application-centric policy.',
 'https://learn.microsoft.com/azure/virtual-network/application-security-groups',
 'Application security groups',
 0.90, 'approved'),

('nat-gateway',
 'Azure NAT Gateway is a fully managed and highly resilient Network Address Translation service.',
 'https://learn.microsoft.com/azure/nat-gateway/nat-overview',
 'What is Azure NAT Gateway?',
 0.96, 'approved'),

('nat-gateway',
 'NAT Gateway provides scalable, resilient SNAT for resources in standard subnets.',
 'https://learn.microsoft.com/azure/nat-gateway/nat-overview',
 'What is Azure NAT Gateway?',
 0.94, 'approved'),

('nat-gateway',
 'Teams use NAT Gateway when private workloads need predictable outbound internet access without inbound exposure.',
 'https://learn.microsoft.com/azure/nat-gateway/nat-overview',
 'What is Azure NAT Gateway?',
 0.92, 'approved'),

('nat-gateway',
 'NAT Gateway attaches to subnets and uses public IPs or public IP prefixes.',
 'https://learn.microsoft.com/azure/nat-gateway/nat-overview',
 'What is Azure NAT Gateway?',
 0.90, 'approved'),

('ip-group',
 'IP Groups simplify the management of IP addresses by grouping them into a single reusable object.',
 'https://learn.microsoft.com/azure/firewall/ip-groups',
 'IP Groups in Azure Firewall',
 0.96, 'approved'),

('ip-group',
 'IP Groups simplify rule maintenance when the same address sets are referenced across many rules.',
 'https://learn.microsoft.com/azure/firewall/ip-groups',
 'IP Groups in Azure Firewall',
 0.94, 'approved'),

('ip-group',
 'Security teams use IP Groups to organize trusted networks, partner ranges, or sensitive destinations.',
 'https://learn.microsoft.com/azure/firewall/ip-groups',
 'IP Groups in Azure Firewall',
 0.92, 'approved'),

('ip-group',
 'IP Groups are referenced by Firewall Policy and Azure Firewall rule collections.',
 'https://learn.microsoft.com/azure/firewall/ip-groups',
 'IP Groups in Azure Firewall',
 0.90, 'approved'),

('public-ip-prefix',
 'A public IP prefix is a contiguous range of standard SKU public IP addresses.',
 'https://learn.microsoft.com/azure/virtual-network/ip-services/public-ip-address-prefix',
 'Public IP prefix',
 0.96, 'approved'),

('public-ip-prefix',
 'Public IP Prefix lets you reserve and manage a stable block of addresses.',
 'https://learn.microsoft.com/azure/virtual-network/ip-services/public-ip-address-prefix',
 'Public IP prefix',
 0.94, 'approved'),

('public-ip-prefix',
 'Architects use a prefix when multiple frontends or NAT scenarios need predictable address ranges.',
 'https://learn.microsoft.com/azure/virtual-network/ip-services/public-ip-address-prefix',
 'Public IP prefix',
 0.92, 'approved'),

('public-ip-prefix',
 'Public IP Prefix resources feed Public IPs and services such as NAT Gateway or load balancers.',
 'https://learn.microsoft.com/azure/virtual-network/ip-services/public-ip-address-prefix',
 'Public IP prefix',
 0.90, 'approved'),

('private-link-service',
 'Azure Private Link service enables private access to a service that you own, powered by Azure Private Link.',
 'https://learn.microsoft.com/azure/private-link/private-link-service-overview',
 'What is Private Link service?',
 0.96, 'approved'),

('private-link-service',
 'Private Link service maps a provider service behind a Standard Load Balancer to private endpoints in consumer networks.',
 'https://learn.microsoft.com/azure/private-link/private-link-service-overview',
 'What is Private Link service?',
 0.94, 'approved'),

('private-link-service',
 'Providers use Private Link service to offer private access to custom services across tenants.',
 'https://learn.microsoft.com/azure/private-link/private-link-service-overview',
 'What is Private Link service?',
 0.92, 'approved'),

('private-link-service',
 'Private Link service depends on a subnet and Standard Load Balancer and is consumed by private endpoints.',
 'https://learn.microsoft.com/azure/private-link/private-link-service-overview',
 'What is Private Link service?',
 0.90, 'approved'),

('dns-private-resolver',
 'Azure DNS Private Resolver is a cloud-native, highly available service for DNS resolution in virtual networks.',
 'https://learn.microsoft.com/azure/dns/dns-private-resolver-overview',
 'What is Azure DNS Private Resolver?',
 0.96, 'approved'),

('dns-private-resolver',
 'DNS Private Resolver eliminates the need to run custom DNS forwarder VMs for hybrid name resolution.',
 'https://learn.microsoft.com/azure/dns/dns-private-resolver-overview',
 'What is Azure DNS Private Resolver?',
 0.94, 'approved'),

('dns-private-resolver',
 'Hybrid environments use DNS Private Resolver to forward private DNS queries across network boundaries.',
 'https://learn.microsoft.com/azure/dns/dns-private-resolver-overview',
 'What is Azure DNS Private Resolver?',
 0.92, 'approved'),

('dns-private-resolver',
 'DNS Private Resolver works with VNets, endpoints, forwarding rulesets, and Private DNS.',
 'https://learn.microsoft.com/azure/dns/dns-private-resolver-overview',
 'What is Azure DNS Private Resolver?',
 0.90, 'approved'),

('network-watcher',
 'Azure Network Watcher provides tools to monitor, diagnose, view metrics, and enable or disable logs for resources in Azure.',
 'https://learn.microsoft.com/azure/network-watcher/network-watcher-monitoring-overview',
 'What is Azure Network Watcher?',
 0.96, 'approved'),

('network-watcher',
 'Network Watcher offers topology, IP flow verify, packet capture, next hop, connection troubleshoot, and flow logs.',
 'https://learn.microsoft.com/azure/network-watcher/network-watcher-monitoring-overview',
 'What is Azure Network Watcher?',
 0.94, 'approved'),

('network-watcher',
 'Operators enable Network Watcher to inspect routing, connectivity, and security behavior in VNets.',
 'https://learn.microsoft.com/azure/network-watcher/network-watcher-monitoring-overview',
 'What is Azure Network Watcher?',
 0.92, 'approved'),

('network-watcher',
 'Network Watcher underpins Connection Monitor, NSG flow logs, and Traffic Analytics.',
 'https://learn.microsoft.com/azure/network-watcher/network-watcher-monitoring-overview',
 'What is Azure Network Watcher?',
 0.90, 'approved'),

('connection-monitor',
 'Connection Monitor provides unified, end-to-end connection monitoring in Azure Network Watcher.',
 'https://learn.microsoft.com/azure/network-watcher/connection-monitor-overview',
 'Connection Monitor overview',
 0.96, 'approved'),

('connection-monitor',
 'Connection Monitor continuously tests connectivity across Azure and hybrid endpoints.',
 'https://learn.microsoft.com/azure/network-watcher/connection-monitor-overview',
 'Connection Monitor overview',
 0.94, 'approved'),

('connection-monitor',
 'Teams use Connection Monitor to baseline network performance and detect connectivity regressions.',
 'https://learn.microsoft.com/azure/network-watcher/connection-monitor-overview',
 'Connection Monitor overview',
 0.92, 'approved'),

('connection-monitor',
 'Connection Monitor is part of Network Watcher and can observe VPN, ExpressRoute, VMs, and endpoints.',
 'https://learn.microsoft.com/azure/network-watcher/connection-monitor-overview',
 'Connection Monitor overview',
 0.90, 'approved'),

('nsg-flow-logs',
 'NSG flow logs are a feature of Network Watcher that logs information about IP traffic flowing through network security groups.',
 'https://learn.microsoft.com/azure/network-watcher/nsg-flow-logs-overview',
 'NSG flow logs overview',
 0.96, 'approved'),

('nsg-flow-logs',
 'NSG flow logs help you understand traffic patterns, security rule hits, and suspicious activity.',
 'https://learn.microsoft.com/azure/network-watcher/nsg-flow-logs-overview',
 'NSG flow logs overview',
 0.94, 'approved'),

('nsg-flow-logs',
 'Teams enable NSG flow logs for troubleshooting, audit, and downstream analytics.',
 'https://learn.microsoft.com/azure/network-watcher/nsg-flow-logs-overview',
 'NSG flow logs overview',
 0.92, 'approved'),

('nsg-flow-logs',
 'NSG flow logs are produced through Network Watcher and feed Traffic Analytics.',
 'https://learn.microsoft.com/azure/network-watcher/nsg-flow-logs-overview',
 'NSG flow logs overview',
 0.90, 'approved'),

('traffic-analytics',
 'Traffic Analytics is a cloud-based solution that provides visibility into user and application activity in cloud networks.',
 'https://learn.microsoft.com/azure/network-watcher/traffic-analytics',
 'Traffic Analytics',
 0.96, 'approved'),

('traffic-analytics',
 'Traffic Analytics provides hotspot, talker, application, and geolocation analysis for network flows.',
 'https://learn.microsoft.com/azure/network-watcher/traffic-analytics',
 'Traffic Analytics',
 0.94, 'approved'),

('traffic-analytics',
 'Security and operations teams use Traffic Analytics to identify anomalies, optimize rules, and understand topology.',
 'https://learn.microsoft.com/azure/network-watcher/traffic-analytics',
 'Traffic Analytics',
 0.92, 'approved'),

('traffic-analytics',
 'Traffic Analytics depends on NSG flow logs and Azure Monitor or Log Analytics workspaces.',
 'https://learn.microsoft.com/azure/network-watcher/traffic-analytics',
 'Traffic Analytics',
 0.90, 'approved'),

('service-endpoint',
 'Virtual network service endpoints extend your virtual network private address space and identity to supported Azure services.',
 'https://learn.microsoft.com/azure/virtual-network/virtual-network-service-endpoints-overview',
 'Virtual network service endpoints',
 0.96, 'approved'),

('service-endpoint',
 'Service endpoints keep service traffic on the Azure backbone and let PaaS firewalls allow selected VNets and subnets.',
 'https://learn.microsoft.com/azure/virtual-network/virtual-network-service-endpoints-overview',
 'Virtual network service endpoints',
 0.94, 'approved'),

('service-endpoint',
 'Teams use service endpoints when they need simpler private access to supported PaaS services without private endpoints.',
 'https://learn.microsoft.com/azure/virtual-network/virtual-network-service-endpoints-overview',
 'Virtual network service endpoints',
 0.92, 'approved'),

('service-endpoint',
 'Service endpoints are configured on subnets and are often compared with Private Link.',
 'https://learn.microsoft.com/azure/virtual-network/virtual-network-service-endpoints-overview',
 'Virtual network service endpoints',
 0.90, 'approved'),

('gateway-subnet',
 'GatewaySubnet is the required subnet name that contains the virtual network gateway resources.',
 'https://learn.microsoft.com/azure/vpn-gateway/vpn-gateway-about-vpn-gateway-settings',
 'About VPN Gateway configuration settings',
 0.96, 'approved'),

('gateway-subnet',
 'GatewaySubnet provides the address space where Azure deploys gateway instances.',
 'https://learn.microsoft.com/azure/vpn-gateway/vpn-gateway-about-vpn-gateway-settings',
 'About VPN Gateway configuration settings',
 0.94, 'approved'),

('gateway-subnet',
 'Architects create a dedicated GatewaySubnet before deploying VPN or ExpressRoute gateways.',
 'https://learn.microsoft.com/azure/vpn-gateway/vpn-gateway-about-vpn-gateway-settings',
 'About VPN Gateway configuration settings',
 0.92, 'approved'),

('gateway-subnet',
 'GatewaySubnet is a prerequisite for VPN Gateway and related hybrid connectivity patterns.',
 'https://learn.microsoft.com/azure/vpn-gateway/vpn-gateway-about-vpn-gateway-settings',
 'About VPN Gateway configuration settings',
 0.90, 'approved'),

('private-link',
 'Azure Private Link provides private connectivity from a virtual network to Azure platform as a service, customer-owned, or partner services.',
 'https://learn.microsoft.com/azure/private-link/private-link-overview',
 'What is Azure Private Link?',
 0.96, 'approved'),

('private-link',
 'Private Link keeps traffic on the Microsoft backbone and supports private access to Azure services.',
 'https://learn.microsoft.com/azure/private-link/private-link-overview',
 'What is Azure Private Link?',
 0.94, 'approved'),

('private-link',
 'Organizations use Private Link to remove public exposure while preserving service access from VNets.',
 'https://learn.microsoft.com/azure/private-link/private-link-overview',
 'What is Azure Private Link?',
 0.92, 'approved'),

('private-link',
 'Private Link includes private endpoints, Private Link service, and Private DNS integration.',
 'https://learn.microsoft.com/azure/private-link/private-link-overview',
 'What is Azure Private Link?',
 0.90, 'approved'),

('network-interface',
 'A network interface enables an Azure virtual machine to communicate with internet, Azure, and on-premises resources.',
 'https://learn.microsoft.com/azure/virtual-network/virtual-network-network-interface',
 'Create, change, or delete a network interface',
 0.96, 'approved'),

('network-interface',
 'Network interfaces hold private IP configuration and can associate public IPs or NSGs.',
 'https://learn.microsoft.com/azure/virtual-network/virtual-network-network-interface',
 'Create, change, or delete a network interface',
 0.94, 'approved'),

('network-interface',
 'Operators manage NICs when assigning IP configurations or security associations to compute resources.',
 'https://learn.microsoft.com/azure/virtual-network/virtual-network-network-interface',
 'Create, change, or delete a network interface',
 0.92, 'approved'),

('network-interface',
 'NICs connect subnets, NSGs, application security groups, and public IPs.',
 'https://learn.microsoft.com/azure/virtual-network/virtual-network-network-interface',
 'Create, change, or delete a network interface',
 0.90, 'approved'),

('hub-spoke-topology',
 'Hub-spoke is a topology in which a hub virtual network hosts shared services and spoke networks host workloads.',
 'https://learn.microsoft.com/azure/architecture/networking/architecture/hub-spoke',
 'Hub-spoke network topology in Azure',
 0.96, 'approved'),

('hub-spoke-topology',
 'Hub-spoke topology improves segmentation, governance, and centralized connectivity.',
 'https://learn.microsoft.com/azure/architecture/networking/architecture/hub-spoke',
 'Hub-spoke network topology in Azure',
 0.94, 'approved'),

('hub-spoke-topology',
 'Enterprises use hub-spoke designs to share firewalls, VPN gateways, DNS, and inspection services.',
 'https://learn.microsoft.com/azure/architecture/networking/architecture/hub-spoke',
 'Hub-spoke network topology in Azure',
 0.92, 'approved'),

('hub-spoke-topology',
 'Hub-spoke patterns rely on VNets, VNet peering, route tables, and centralized security services.',
 'https://learn.microsoft.com/azure/architecture/networking/architecture/hub-spoke',
 'Hub-spoke network topology in Azure',
 0.90, 'approved'),

('point-to-site-vpn',
 'Point-to-site VPN lets you create a secure connection from an individual client computer to your virtual network.',
 'https://learn.microsoft.com/azure/vpn-gateway/point-to-site-about',
 'About Point-to-Site VPN',
 0.96, 'approved'),

('point-to-site-vpn',
 'Point-to-site VPN supports protocols such as OpenVPN and is commonly used for remote administration or developer access.',
 'https://learn.microsoft.com/azure/vpn-gateway/point-to-site-about',
 'About Point-to-Site VPN',
 0.94, 'approved'),

('point-to-site-vpn',
 'Teams use point-to-site VPN when users need secure access to private Azure resources from any location.',
 'https://learn.microsoft.com/azure/vpn-gateway/point-to-site-about',
 'About Point-to-Site VPN',
 0.92, 'approved'),

('point-to-site-vpn',
 'Point-to-site VPN depends on VPN Gateway and can coexist with site-to-site connections.',
 'https://learn.microsoft.com/azure/vpn-gateway/point-to-site-about',
 'About Point-to-Site VPN',
 0.90, 'approved'),

('site-to-site-vpn',
 'A site-to-site VPN gateway connection is used to connect your on-premises network to an Azure virtual network.',
 'https://learn.microsoft.com/azure/vpn-gateway/tutorial-site-to-site-portal',
 'Create a site-to-site VPN connection in the Azure portal',
 0.96, 'approved'),

('site-to-site-vpn',
 'Site-to-site VPN extends private routing between Azure VNets and branch or datacenter networks.',
 'https://learn.microsoft.com/azure/vpn-gateway/tutorial-site-to-site-portal',
 'Create a site-to-site VPN connection in the Azure portal',
 0.94, 'approved'),

('site-to-site-vpn',
 'Organizations use site-to-site VPN for branch connectivity, disaster recovery, and staged hybrid adoption.',
 'https://learn.microsoft.com/azure/vpn-gateway/tutorial-site-to-site-portal',
 'Create a site-to-site VPN connection in the Azure portal',
 0.92, 'approved'),

('site-to-site-vpn',
 'Site-to-site VPN requires VPN Gateway, local network gateway definitions, and connection resources.',
 'https://learn.microsoft.com/azure/vpn-gateway/tutorial-site-to-site-portal',
 'Create a site-to-site VPN connection in the Azure portal',
 0.90, 'approved'),

('expressroute-private-peering',
 'Private peering enables connectivity to Azure compute services and virtual networks over an ExpressRoute circuit.',
 'https://learn.microsoft.com/azure/expressroute/expressroute-circuit-peerings',
 'ExpressRoute circuit peerings',
 0.96, 'approved'),

('expressroute-private-peering',
 'ExpressRoute private peering is the path used for Azure resource connectivity on an ExpressRoute circuit.',
 'https://learn.microsoft.com/azure/expressroute/expressroute-circuit-peerings',
 'ExpressRoute circuit peerings',
 0.94, 'approved'),

('expressroute-private-peering',
 'Enterprises configure private peering to reach VNets and hybrid applications without internet transit.',
 'https://learn.microsoft.com/azure/expressroute/expressroute-circuit-peerings',
 'ExpressRoute circuit peerings',
 0.92, 'approved'),

('expressroute-private-peering',
 'ExpressRoute private peering belongs to an ExpressRoute circuit and connects to VNets through gateways.',
 'https://learn.microsoft.com/azure/expressroute/expressroute-circuit-peerings',
 'ExpressRoute circuit peerings',
 0.90, 'approved'),

('global-vnet-peering',
 'Global virtual network peering connects virtual networks across Azure regions through the Microsoft backbone.',
 'https://learn.microsoft.com/azure/virtual-network/virtual-network-peering-overview',
 'Virtual network peering',
 0.96, 'approved'),

('global-vnet-peering',
 'Global peering delivers private connectivity across regions without deploying VPN gateways.',
 'https://learn.microsoft.com/azure/virtual-network/virtual-network-peering-overview',
 'Virtual network peering',
 0.94, 'approved'),

('global-vnet-peering',
 'Teams use global VNet peering for multi-region hub-spoke, disaster recovery, and shared services.',
 'https://learn.microsoft.com/azure/virtual-network/virtual-network-peering-overview',
 'Virtual network peering',
 0.92, 'approved'),

('global-vnet-peering',
 'Global VNet peering is a form of virtual network peering and works with routing and security controls.',
 'https://learn.microsoft.com/azure/virtual-network/virtual-network-peering-overview',
 'Virtual network peering',
 0.90, 'approved');

-- ─── Journeys ─────────────────────────────────────────────────────────────────
INSERT INTO journeys (journey_id, domain_id, title, description, status) VALUES
('journey-private-connectivity',
 'network',
 'Connect to Azure PaaS privately',
 'Walk through a private connectivity pattern: VNet → Subnet → Private Link → Private Endpoint → Private DNS Zone.',
 'approved'),

('journey-nsg-basics',
 'network',
 'Secure a subnet with NSG',
 'Attach an NSG to a subnet, group workloads with ASGs, and validate the control plane for workload traffic.',
 'approved'),

('journey-custom-routing',
 'network',
 'Control traffic with route tables',
 'Understand Azure default routing and steer traffic through Azure Firewall by using user-defined routes.',
 'approved'),

('journey-hub-spoke-topology',
 'network',
 'Build a hub-spoke network topology',
 'Create a shared-services hub, connect spoke VNets, and centralize inspection and routing.',
 'approved'),

('journey-site-to-site-vpn',
 'network',
 'Connect on-premises with Site-to-Site VPN',
 'Deploy hybrid connectivity by preparing GatewaySubnet, VPN Gateway, local network gateway, and the VPN connection.',
 'approved'),

('journey-front-door-multiregion',
 'network',
 'Publish a multi-region app with Front Door',
 'Use Front Door, regional application gateways, and WAF to route web traffic to healthy backends globally.',
 'approved'),

('journey-ddos-protection',
 'network',
 'Protect an internet-facing network with DDoS Protection',
 'Pair public entry points with DDoS Protection and monitoring to harden exposed workloads.',
 'approved'),

('journey-network-monitoring',
 'network',
 'Instrument network diagnostics and telemetry',
 'Enable Network Watcher capabilities, collect NSG flow logs, and analyze traffic behavior.',
 'approved'),

('journey-expressroute-private-peering',
 'network',
 'Reach Azure privately with ExpressRoute private peering',
 'Understand the sequence for private hybrid routing from an ExpressRoute circuit into Azure VNets.',
 'approved');

-- ─── Journey Steps ────────────────────────────────────────────────────────────
INSERT INTO journey_steps (journey_id, node_id, step_order, narrative) VALUES
('journey-private-connectivity', 'vnet'                         , 1, 'Start with a Virtual Network to define the private address space where the workload and private connectivity will live.'),
('journey-private-connectivity', 'subnet'                       , 2, 'Create a dedicated subnet for the workload or the private endpoint so you can apply routing and security controls cleanly.'),
('journey-private-connectivity', 'private-link'                 , 3, 'Choose Azure Private Link as the pattern that keeps service access on the Microsoft backbone and removes public exposure.'),
('journey-private-connectivity', 'private-endpoint'             , 4, 'Deploy the private endpoint so the target service is exposed as a private IP in the VNet.'),
('journey-private-connectivity', 'private-dns'                  , 5, 'Link a Private DNS zone so the application resolves the service name to the private endpoint address.'),
('journey-nsg-basics', 'vnet'                         , 1, 'Identify the VNet that hosts the workload and define the subnet boundary where traffic policy should apply.'),
('journey-nsg-basics', 'subnet'                       , 2, 'Place the workload in a subnet that can carry a dedicated set of access rules.'),
('journey-nsg-basics', 'asg'                          , 3, 'Group application NICs into ASGs so security rules can reference application tiers instead of static IPs.'),
('journey-nsg-basics', 'nsg'                          , 4, 'Create and associate the NSG, then allow only the ports and sources required by the application flow.'),
('journey-custom-routing', 'vnet'                         , 1, 'Review the VNet and understand the default system routes that Azure already injects.'),
('journey-custom-routing', 'route-table'                  , 2, 'Create a route table with the prefixes that should not follow Azure''s default path.'),
('journey-custom-routing', 'azure-firewall'               , 3, 'Use Azure Firewall as the centralized hop when you need inspection, filtering, or controlled egress.'),
('journey-custom-routing', 'subnet'                       , 4, 'Associate the route table to the target subnet so workload traffic is forced through the desired next hop.'),
('journey-hub-spoke-topology', 'hub-spoke-topology'           , 1, 'Adopt the hub-spoke architecture when you want shared connectivity and security services in one central VNet.'),
('journey-hub-spoke-topology', 'vnet'                         , 2, 'Provision the hub and spoke VNets with non-overlapping address spaces and clear workload ownership.'),
('journey-hub-spoke-topology', 'vnet-peering'                 , 3, 'Peer each spoke to the hub so private traffic can traverse the Azure backbone without VPN gateways.'),
('journey-hub-spoke-topology', 'azure-firewall'               , 4, 'Deploy Azure Firewall in the hub to centralize north-south and east-west inspection.'),
('journey-hub-spoke-topology', 'route-table'                  , 5, 'Apply user-defined routes in spokes so traffic destined for inspection or shared services is sent through the hub.'),
('journey-site-to-site-vpn', 'gateway-subnet'               , 1, 'Reserve the required GatewaySubnet in the VNet so Azure has dedicated address space for the gateway instances.'),
('journey-site-to-site-vpn', 'vpn-gateway'                  , 2, 'Deploy the VPN Gateway in the GatewaySubnet and assign the necessary public IP resource.'),
('journey-site-to-site-vpn', 'local-network-gateway'        , 3, 'Model the on-premises VPN device and its address prefixes with a local network gateway.'),
('journey-site-to-site-vpn', 'connection'                   , 4, 'Create the site-to-site connection, shared key, and IPsec settings that bind both sides together.'),
('journey-site-to-site-vpn', 'site-to-site-vpn'             , 5, 'Validate that the tunnel is up and that private routes flow between Azure and the remote site.'),
('journey-front-door-multiregion', 'front-door'                   , 1, 'Start with Front Door when you need a single global anycast entry point for a web application.'),
('journey-front-door-multiregion', 'app-gateway'                  , 2, 'Use regional Application Gateways as origins when you need L7 proxy features inside each region.'),
('journey-front-door-multiregion', 'load-balancer'                , 3, 'Keep regional backend services highly available behind local load balancing where appropriate.'),
('journey-front-door-multiregion', 'waf-policy'                   , 4, 'Attach a WAF policy so edge traffic is inspected before it reaches regional application stacks.'),
('journey-front-door-multiregion', 'public-ip'                    , 5, 'Publish the origin entry points with the required public frontend addresses while Front Door handles global routing.'),
('journey-ddos-protection', 'vnet'                         , 1, 'Identify the VNet that contains the internet-facing application resources you want to protect.'),
('journey-ddos-protection', 'public-ip'                    , 2, 'Confirm which public IP resources expose the workload because those are the attack surfaces DDoS mitigation protects.'),
('journey-ddos-protection', 'ddos-protection'              , 3, 'Enable DDoS Protection on the VNet so adaptive mitigation and telemetry are applied to protected public endpoints.'),
('journey-ddos-protection', 'network-watcher'              , 4, 'Use monitoring and diagnostics to validate visibility before, during, and after mitigation events.'),
('journey-network-monitoring', 'network-watcher'              , 1, 'Enable Network Watcher in the region so diagnostic and troubleshooting capabilities are available for your network resources.'),
('journey-network-monitoring', 'connection-monitor'           , 2, 'Configure Connection Monitor to measure reachability and latency between critical endpoints.'),
('journey-network-monitoring', 'nsg'                          , 3, 'Review the NSGs that govern the path so you can correlate connectivity issues with security controls.'),
('journey-network-monitoring', 'nsg-flow-logs'                , 4, 'Turn on NSG flow logs to capture allowed and denied traffic decisions over time.'),
('journey-network-monitoring', 'traffic-analytics'            , 5, 'Use Traffic Analytics to turn raw flow data into hotspots, talkers, and actionable optimization insights.'),
('journey-expressroute-private-peering', 'expressroute'                 , 1, 'Provision the ExpressRoute circuit with the bandwidth and connectivity provider model required for the hybrid estate.'),
('journey-expressroute-private-peering', 'expressroute-private-peering' , 2, 'Configure private peering because it is the path that carries private IP traffic to Azure resources.'),
('journey-expressroute-private-peering', 'gateway-subnet'               , 3, 'Prepare the GatewaySubnet in the target VNet so the ExpressRoute gateway has dedicated address space.'),
('journey-expressroute-private-peering', 'vnet'                         , 4, 'Link the ExpressRoute gateway to the VNet that hosts the workloads requiring private connectivity.'),
('journey-expressroute-private-peering', 'dns-private-resolver'         , 5, 'Add DNS forwarding or resolution services when hybrid name resolution must align with the new private routing path.');

COMMIT;
