BEGIN;

-- ─── Domain ───────────────────────────────────────────────────────────────────
INSERT INTO domains (domain_id, label, description, display_order, status) VALUES
('storage', 'Storage', 'Azure storage services: blob, files, queues, tables, managed disks, and data lake.', 2, 'approved');

-- ─── Nodes ────────────────────────────────────────────────────────────────────
INSERT INTO nodes (node_id, domain_id, label, node_type, summary, status) VALUES
('storage-account'           , 'storage', 'Storage Account'                  , 'service', 'Top-level Azure Storage resource that exposes blob, file, queue, and table services with shared security, networking, and redundancy controls.' , 'approved'),
('blob-storage'              , 'storage', 'Azure Blob Storage'               , 'service', 'Object storage service for unstructured data such as documents, media, backups, analytics datasets, and application assets.'                  , 'approved'),
('azure-files'               , 'storage', 'Azure Files'                      , 'service', 'Managed file shares in Azure that support SMB and NFS access patterns for cloud and hybrid workloads.'                                         , 'approved'),
('queue-storage'             , 'storage', 'Azure Queue Storage'              , 'service', 'Durable message queue service for decoupling application components and asynchronous processing.'                                              , 'approved'),
('table-storage'             , 'storage', 'Azure Table Storage'              , 'service', 'NoSQL key-attribute store for schemaless structured data with partition and row keys.'                                                          , 'approved'),
('blob-container'            , 'storage', 'Blob Container'                   , 'concept', 'Logical grouping inside a blob service account that organizes blobs and provides a naming boundary for objects.'                             , 'approved'),
('block-blob'                , 'storage', 'Block Blob'                       , 'concept', 'Blob type optimized for streaming and storing text or binary objects such as files, images, and backups.'                                   , 'approved'),
('page-blob'                 , 'storage', 'Page Blob'                        , 'concept', 'Blob type optimized for random read-write operations and used as the backing store for Azure managed disks.'                                  , 'approved'),
('append-blob'               , 'storage', 'Append Blob'                      , 'concept', 'Blob type optimized for append operations such as logging and audit trails.'                                                                   , 'approved'),
('blob-access-tier'          , 'storage', 'Blob Access Tier'                 , 'concept', 'Hot, cool, and archive storage tiers that balance performance, availability, and cost for block blob data.'                                  , 'approved'),
('blob-lifecycle-mgmt'       , 'storage', 'Blob Lifecycle Management'        , 'service', 'Rule-based policy engine for transitioning or deleting blob data based on age, access patterns, versions, or snapshots.'                     , 'approved'),
('blob-versioning'           , 'storage', 'Blob Versioning'                  , 'concept', 'Data protection feature that automatically maintains previous versions of a blob after writes occur.'                                          , 'approved'),
('blob-snapshot'             , 'storage', 'Blob Snapshot'                    , 'concept', 'Read-only point-in-time copy of a blob used for backup, restore, and rollback scenarios.'                                                     , 'approved'),
('blob-soft-delete'          , 'storage', 'Blob Soft Delete'                 , 'concept', 'Retention feature that preserves deleted blobs and containers for recovery during a configurable interval.'                                   , 'approved'),
('blob-index-tags'           , 'storage', 'Blob Index Tags'                  , 'concept', 'Key-value tags stored with blobs to enable attribute-based discovery and rule targeting.'                                                     , 'approved'),
('data-lake-gen2'            , 'storage', 'Azure Data Lake Storage Gen2'     , 'service', 'Analytics-optimized storage capability built on Blob Storage with hierarchical namespace semantics.'                                          , 'approved'),
('hierarchical-namespace'    , 'storage', 'Hierarchical Namespace'           , 'concept', 'Namespace model that organizes objects as directories and files, enabling atomic directory operations and POSIX-style semantics.'             , 'approved'),
('managed-disk'              , 'storage', 'Managed Disk'                     , 'service', 'Azure-managed block storage volume for virtual machines that removes storage account management overhead.'                                    , 'approved'),
('ultra-disk'                , 'storage', 'Ultra Disk'                       , 'service', 'Highest-performance managed disk option for IO-intensive workloads with configurable IOPS and throughput.'                                   , 'approved'),
('premium-ssd'               , 'storage', 'Premium SSD'                      , 'service', 'Low-latency SSD-backed managed disk tier for production workloads and business-critical applications.'                                        , 'approved'),
('standard-ssd'              , 'storage', 'Standard SSD'                     , 'service', 'Cost-effective SSD-backed managed disk tier for web servers, lightly used enterprise apps, and dev-test workloads.'                         , 'approved'),
('standard-hdd'              , 'storage', 'Standard HDD'                     , 'service', 'Economical HDD-backed managed disk tier for infrequent access workloads, backups, and noncritical dev-test scenarios.'                      , 'approved'),
('disk-encryption-set'       , 'storage', 'Disk Encryption Set'              , 'service', 'Managed resource that lets Azure managed disks and snapshots use customer-managed keys in Key Vault.'                                         , 'approved'),
('shared-disk'               , 'storage', 'Shared Disk'                      , 'concept', 'Managed disk capability that allows multiple virtual machines to attach the same data disk for clustered applications.'                        , 'approved'),
('storage-firewall'          , 'storage', 'Storage Firewall'                 , 'service', 'Network access control feature for restricting storage account traffic by IP address, virtual network, or trusted service exception.'         , 'approved'),
('storage-private-endpoint'  , 'storage', 'Storage Private Endpoint'         , 'service', 'Private Link endpoint for Azure Storage that maps a storage subresource to a private IP in a virtual network.'                              , 'approved'),
('sas-token'                 , 'storage', 'Shared Access Signature (SAS)'    , 'concept', 'Delegated URI-based access token that grants limited permissions to Azure Storage resources for a defined scope and time.'                    , 'approved'),
('storage-access-keys'       , 'storage', 'Storage Access Keys'              , 'concept', 'Account-level shared keys that authorize requests and can be used to sign service or account shared access signatures.'                      , 'approved'),
('azure-ad-storage-auth'     , 'storage', 'Azure AD Storage Auth'            , 'concept', 'Microsoft Entra ID based authorization model for accessing Azure Storage data without relying on shared keys.'                               , 'approved'),
('storage-encryption'        , 'storage', 'Storage Encryption'               , 'service', 'Server-side encryption for Azure Storage data at rest with Microsoft-managed or customer-managed keys.'                                        , 'approved'),
('customer-managed-keys'     , 'storage', 'Customer-Managed Keys'            , 'concept', 'Key management model where the customer controls the encryption key used by Azure Storage or managed disks.'                                 , 'approved'),
('lrs'                       , 'storage', 'Locally Redundant Storage (LRS)'  , 'concept', 'Replication option that keeps multiple copies of data within a single datacenter in the primary region.'                                     , 'approved'),
('zrs'                       , 'storage', 'Zone-Redundant Storage (ZRS)'     , 'concept', 'Replication option that synchronously copies data across availability zones in the primary region.'                                          , 'approved'),
('grs'                       , 'storage', 'Geo-Redundant Storage (GRS)'      , 'concept', 'Replication option that combines local durability in the primary region with asynchronous replication to a secondary region.'                , 'approved'),
('ra-grs'                    , 'storage', 'Read-Access GRS (RA-GRS)'         , 'concept', 'GRS variant that also enables read access to the secondary region.'                                                                           , 'approved'),
('gzrs'                      , 'storage', 'Geo-Zone-Redundant Storage (GZRS)', 'concept', 'Replication option that combines zone redundancy in the primary region with asynchronous geo-replication.'                              , 'approved'),
('ra-gzrs'                   , 'storage', 'Read-Access GZRS (RA-GZRS)'       , 'concept', 'GZRS variant that also enables read access to the secondary region.'                                                                          , 'approved'),
('storage-service-endpoint'  , 'storage', 'Storage Service Endpoint'         , 'concept', 'Virtual network integration pattern that extends subnet identity to Azure Storage over the Azure backbone.'                                   , 'approved'),
('static-website'            , 'storage', 'Static Website Hosting'           , 'service', 'Blob Storage capability for serving static web content such as HTML, CSS, JavaScript, and assets directly from a storage account.'          , 'approved'),
('azure-file-sync'           , 'storage', 'Azure File Sync'                  , 'service', 'Hybrid service that centralizes file shares in Azure Files while caching hot data on Windows Servers.'                                         , 'approved'),
('azcopy'                    , 'storage', 'AzCopy'                           , 'service', 'Command-line utility for high-performance data movement into and out of Azure Storage.'                                                        , 'approved'),
('storage-mover'             , 'storage', 'Azure Storage Mover'              , 'service', 'Managed migration service for orchestrating large-scale transfers into Azure Storage with agents and projects.'                              , 'approved'),
('data-box'                  , 'storage', 'Azure Data Box'                   , 'service', 'Physical data transfer device family used when network transfer is impractical because of bandwidth or time constraints.'                     , 'approved'),
('storage-analytics'         , 'storage', 'Storage Analytics'                , 'service', 'Azure Storage telemetry capability for logs and metrics that helps diagnose requests and service behavior.'                                    , 'approved'),
('storage-metrics'           , 'storage', 'Storage Metrics'                  , 'concept', 'Service-level metrics that expose capacity, transaction counts, latency, and availability indicators for storage workloads.'                 , 'approved'),
('storage-diagnostic-logs'   , 'storage', 'Storage Diagnostic Logs'          , 'concept', 'Request logs and diagnostic records used to audit operations and troubleshoot storage account behavior.'                                        , 'approved');

-- ─── Edges ────────────────────────────────────────────────────────────────────
INSERT INTO edges (source_id, target_id, relation_type, weight, status) VALUES
('blob-storage'              , 'storage-account'           , 'belongs_to'     , 1.00, 'approved'),
('azure-files'               , 'storage-account'           , 'belongs_to'     , 1.00, 'approved'),
('queue-storage'             , 'storage-account'           , 'belongs_to'     , 1.00, 'approved'),
('table-storage'             , 'storage-account'           , 'belongs_to'     , 1.00, 'approved'),
('blob-container'            , 'blob-storage'              , 'belongs_to'     , 1.00, 'approved'),
('block-blob'                , 'blob-storage'              , 'belongs_to'     , 0.98, 'approved'),
('page-blob'                 , 'blob-storage'              , 'belongs_to'     , 0.98, 'approved'),
('append-blob'               , 'blob-storage'              , 'belongs_to'     , 0.98, 'approved'),
('blob-access-tier'          , 'block-blob'                , 'attached_to'    , 0.96, 'approved'),
('blob-lifecycle-mgmt'       , 'blob-storage'              , 'belongs_to'     , 0.95, 'approved'),
('blob-lifecycle-mgmt'       , 'blob-access-tier'          , 'depends_on'     , 0.88, 'approved'),
('blob-versioning'           , 'blob-storage'              , 'belongs_to'     , 0.95, 'approved'),
('blob-snapshot'             , 'blob-storage'              , 'belongs_to'     , 0.95, 'approved'),
('blob-soft-delete'          , 'blob-storage'              , 'belongs_to'     , 0.95, 'approved'),
('blob-index-tags'           , 'blob-storage'              , 'belongs_to'     , 0.95, 'approved'),
('blob-versioning'           , 'blob-snapshot'             , 'alternative_to' , 0.78, 'approved'),
('blob-soft-delete'          , 'blob-versioning'           , 'related_to'     , 0.86, 'approved'),
('blob-index-tags'           , 'blob-lifecycle-mgmt'       , 'related_to'     , 0.84, 'approved'),
('data-lake-gen2'            , 'storage-account'           , 'belongs_to'     , 0.95, 'approved'),
('data-lake-gen2'            , 'hierarchical-namespace'    , 'depends_on'     , 1.00, 'approved'),
('hierarchical-namespace'    , 'storage-account'           , 'belongs_to'     , 0.92, 'approved'),
('blob-container'            , 'data-lake-gen2'            , 'related_to'     , 0.76, 'approved'),
('static-website'            , 'blob-storage'              , 'belongs_to'     , 0.95, 'approved'),
('managed-disk'              , 'page-blob'                 , 'related_to'     , 0.74, 'approved'),
('ultra-disk'                , 'managed-disk'              , 'belongs_to'     , 0.98, 'approved'),
('premium-ssd'               , 'managed-disk'              , 'belongs_to'     , 0.98, 'approved'),
('standard-ssd'              , 'managed-disk'              , 'belongs_to'     , 0.98, 'approved'),
('standard-hdd'              , 'managed-disk'              , 'belongs_to'     , 0.98, 'approved'),
('shared-disk'               , 'managed-disk'              , 'depends_on'     , 0.95, 'approved'),
('disk-encryption-set'       , 'managed-disk'              , 'secures'        , 0.96, 'approved'),
('disk-encryption-set'       , 'customer-managed-keys'     , 'depends_on'     , 0.98, 'approved'),
('storage-firewall'          , 'storage-account'           , 'secures'        , 0.95, 'approved'),
('storage-private-endpoint'  , 'storage-account'           , 'connects_to'    , 0.96, 'approved'),
('storage-private-endpoint'  , 'storage-account'           , 'secures'        , 0.88, 'approved'),
('storage-private-endpoint'  , 'storage-service-endpoint'  , 'alternative_to' , 0.90, 'approved'),
('storage-service-endpoint'  , 'storage-account'           , 'connects_to'    , 0.88, 'approved'),
('storage-service-endpoint'  , 'storage-firewall'          , 'related_to'     , 0.84, 'approved'),
('storage-firewall'          , 'storage-service-endpoint'  , 'depends_on'     , 0.72, 'approved'),
('sas-token'                 , 'storage-account'           , 'secures'        , 0.91, 'approved'),
('sas-token'                 , 'blob-storage'              , 'secures'        , 0.86, 'approved'),
('sas-token'                 , 'azure-files'               , 'secures'        , 0.84, 'approved'),
('storage-access-keys'       , 'storage-account'           , 'secures'        , 0.95, 'approved'),
('storage-access-keys'       , 'sas-token'                 , 'related_to'     , 0.87, 'approved'),
('azure-ad-storage-auth'     , 'storage-account'           , 'secures'        , 0.95, 'approved'),
('azure-ad-storage-auth'     , 'storage-access-keys'       , 'alternative_to' , 0.89, 'approved'),
('azure-ad-storage-auth'     , 'sas-token'                 , 'related_to'     , 0.82, 'approved'),
('storage-encryption'        , 'storage-account'           , 'secures'        , 0.97, 'approved'),
('customer-managed-keys'     , 'storage-account'           , 'secures'        , 0.92, 'approved'),
('customer-managed-keys'     , 'storage-encryption'        , 'related_to'     , 0.94, 'approved'),
('lrs'                       , 'storage-account'           , 'belongs_to'     , 0.94, 'approved'),
('zrs'                       , 'storage-account'           , 'belongs_to'     , 0.94, 'approved'),
('grs'                       , 'storage-account'           , 'belongs_to'     , 0.94, 'approved'),
('ra-grs'                    , 'grs'                       , 'belongs_to'     , 0.96, 'approved'),
('gzrs'                      , 'storage-account'           , 'belongs_to'     , 0.94, 'approved'),
('ra-gzrs'                   , 'gzrs'                      , 'belongs_to'     , 0.96, 'approved'),
('zrs'                       , 'lrs'                       , 'alternative_to' , 0.82, 'approved'),
('grs'                       , 'zrs'                       , 'alternative_to' , 0.80, 'approved'),
('ra-grs'                    , 'grs'                       , 'alternative_to' , 0.85, 'approved'),
('gzrs'                      , 'grs'                       , 'alternative_to' , 0.87, 'approved'),
('ra-gzrs'                   , 'gzrs'                      , 'alternative_to' , 0.85, 'approved'),
('azure-file-sync'           , 'azure-files'               , 'connects_to'    , 0.97, 'approved'),
('azcopy'                    , 'blob-storage'              , 'connects_to'    , 0.94, 'approved'),
('azcopy'                    , 'azure-files'               , 'connects_to'    , 0.91, 'approved'),
('azcopy'                    , 'data-lake-gen2'            , 'connects_to'    , 0.92, 'approved'),
('storage-mover'             , 'blob-storage'              , 'connects_to'    , 0.90, 'approved'),
('storage-mover'             , 'azure-files'               , 'connects_to'    , 0.90, 'approved'),
('storage-mover'             , 'data-box'                  , 'alternative_to' , 0.72, 'approved'),
('data-box'                  , 'storage-account'           , 'connects_to'    , 0.88, 'approved'),
('storage-analytics'         , 'storage-account'           , 'monitors'       , 0.94, 'approved'),
('storage-metrics'           , 'storage-analytics'         , 'belongs_to'     , 0.95, 'approved'),
('storage-diagnostic-logs'   , 'storage-analytics'         , 'belongs_to'     , 0.95, 'approved'),
('storage-metrics'           , 'storage-account'           , 'monitors'       , 0.92, 'approved'),
('storage-diagnostic-logs'   , 'storage-account'           , 'monitors'       , 0.92, 'approved'),
('storage-diagnostic-logs'   , 'blob-storage'              , 'monitors'       , 0.84, 'approved'),
('storage-diagnostic-logs'   , 'azure-files'               , 'monitors'       , 0.82, 'approved'),
('storage-metrics'           , 'blob-storage'              , 'monitors'       , 0.83, 'approved'),
('storage-private-endpoint'  , 'azure-ad-storage-auth'     , 'related_to'     , 0.78, 'approved'),
('queue-storage'             , 'table-storage'             , 'related_to'     , 0.76, 'approved'),
('blob-container'            , 'static-website'            , 'related_to'     , 0.68, 'approved'),
('blob-storage'              , 'data-lake-gen2'            , 'contains'       , 0.78, 'approved');

-- ─── Evidence ─────────────────────────────────────────────────────────────────
INSERT INTO evidence (node_id, excerpt, source_url, source_title, confidence_score, status) VALUES
('storage-account',
 'A storage account provides a unique namespace in Azure for your data and can include Blob Storage, Azure Files, Queue Storage, and Table Storage services.',
 'https://learn.microsoft.com/azure/storage/common/storage-account-overview',
 'Storage account overview',
 0.97, 'approved'),

('storage-account',
 'The storage account defines the location, redundancy option, and access configuration for Azure Storage data.',
 'https://learn.microsoft.com/azure/storage/common/storage-account-overview',
 'Storage account overview',
 0.95, 'approved'),

('storage-account',
 'Architects choose a storage account type and performance tier based on workload durability, latency, and cost requirements.',
 'https://learn.microsoft.com/azure/storage/common/storage-account-overview',
 'Storage account overview',
 0.93, 'approved'),

('storage-account',
 'Security, networking, encryption, and replication settings are configured at the storage account scope.',
 'https://learn.microsoft.com/azure/storage/common/storage-account-overview',
 'Storage account overview',
 0.91, 'approved'),

('blob-storage',
 'Azure Blob Storage is Microsoft''s object storage solution for the cloud.',
 'https://learn.microsoft.com/azure/storage/blobs/storage-blobs-introduction',
 'Introduction to Azure Blob Storage',
 0.97, 'approved'),

('blob-storage',
 'Blob Storage is optimized for storing massive amounts of unstructured data such as text or binary objects.',
 'https://learn.microsoft.com/azure/storage/blobs/storage-blobs-introduction',
 'Introduction to Azure Blob Storage',
 0.95, 'approved'),

('blob-storage',
 'Organizations use blobs for images, documents, streaming media, backup data, and analytics datasets.',
 'https://learn.microsoft.com/azure/storage/blobs/storage-blobs-introduction',
 'Introduction to Azure Blob Storage',
 0.93, 'approved'),

('blob-storage',
 'Blob Storage supports containers, blob types, lifecycle features, and data protection capabilities.',
 'https://learn.microsoft.com/azure/storage/blobs/storage-blobs-introduction',
 'Introduction to Azure Blob Storage',
 0.91, 'approved'),

('azure-files',
 'Azure Files offers fully managed file shares in the cloud that are accessible via the SMB and NFS protocols.',
 'https://learn.microsoft.com/azure/storage/files/storage-files-introduction',
 'Introduction to Azure Files',
 0.97, 'approved'),

('azure-files',
 'Applications can mount Azure file shares concurrently from cloud or on-premises deployments.',
 'https://learn.microsoft.com/azure/storage/files/storage-files-introduction',
 'Introduction to Azure Files',
 0.95, 'approved'),

('azure-files',
 'Azure Files supports lift-and-shift scenarios for applications that expect a traditional file system.',
 'https://learn.microsoft.com/azure/storage/files/storage-files-introduction',
 'Introduction to Azure Files',
 0.93, 'approved'),

('azure-files',
 'Azure Files integrates with Azure File Sync, snapshots, identities, and network controls for hybrid file serving.',
 'https://learn.microsoft.com/azure/storage/files/storage-files-introduction',
 'Introduction to Azure Files',
 0.91, 'approved'),

('queue-storage',
 'Azure Queue Storage stores large numbers of messages that can be accessed from anywhere in the world through authenticated calls.',
 'https://learn.microsoft.com/azure/storage/queues/storage-queues-introduction',
 'Introduction to Azure Queue Storage',
 0.97, 'approved'),

('queue-storage',
 'Each message can be up to 64 KB, and a queue can contain millions of messages.',
 'https://learn.microsoft.com/azure/storage/queues/storage-queues-introduction',
 'Introduction to Azure Queue Storage',
 0.95, 'approved'),

('queue-storage',
 'Queue Storage is commonly used for asynchronous task processing and decoupling application components.',
 'https://learn.microsoft.com/azure/storage/queues/storage-queues-introduction',
 'Introduction to Azure Queue Storage',
 0.93, 'approved'),

('queue-storage',
 'Queue consumers retrieve, process, and delete messages while producers can continue writing independently.',
 'https://learn.microsoft.com/azure/storage/queues/storage-queues-introduction',
 'Introduction to Azure Queue Storage',
 0.90, 'approved'),

('table-storage',
 'Azure Table Storage stores large amounts of structured non-relational data.',
 'https://learn.microsoft.com/azure/storage/tables/table-storage-overview',
 'Azure Table storage overview',
 0.97, 'approved'),

('table-storage',
 'Table Storage is a key-attribute store with a clustered index made from the partition key and row key.',
 'https://learn.microsoft.com/azure/storage/tables/table-storage-overview',
 'Azure Table storage overview',
 0.95, 'approved'),

('table-storage',
 'The service is useful for schemaless datasets where fast access by partition and row identifiers matters.',
 'https://learn.microsoft.com/azure/storage/tables/table-storage-overview',
 'Azure Table storage overview',
 0.93, 'approved'),

('table-storage',
 'Developers use tables for metadata, device data, and other simple structured records that do not need joins.',
 'https://learn.microsoft.com/azure/storage/tables/table-storage-overview',
 'Azure Table storage overview',
 0.90, 'approved'),

('blob-container',
 'Every blob in Azure Storage belongs to a container.',
 'https://learn.microsoft.com/azure/storage/blobs/storage-blobs-introduction',
 'Introduction to Azure Blob Storage',
 0.96, 'approved'),

('blob-container',
 'A container organizes a set of blobs under a common namespace within the storage account.',
 'https://learn.microsoft.com/azure/storage/blobs/storage-blobs-introduction',
 'Introduction to Azure Blob Storage',
 0.94, 'approved'),

('blob-container',
 'Applications often use containers to separate data by workload, lifecycle policy, or access pattern.',
 'https://learn.microsoft.com/azure/storage/blobs/storage-blobs-introduction',
 'Introduction to Azure Blob Storage',
 0.91, 'approved'),

('blob-container',
 'Container-level organization works with access control, static websites, and lifecycle automation.',
 'https://learn.microsoft.com/azure/storage/blobs/storage-blobs-introduction',
 'Introduction to Azure Blob Storage',
 0.89, 'approved'),

('block-blob',
 'Block blobs are made up of blocks of data that can be managed individually.',
 'https://learn.microsoft.com/azure/storage/blobs/storage-blobs-introduction',
 'Introduction to Azure Blob Storage',
 0.96, 'approved'),

('block-blob',
 'Block blobs are ideal for storing text and binary files in cloud object storage.',
 'https://learn.microsoft.com/azure/storage/blobs/storage-blobs-introduction',
 'Introduction to Azure Blob Storage',
 0.94, 'approved'),

('block-blob',
 'Hot, cool, and archive access tiers are available for block blob workloads.',
 'https://learn.microsoft.com/azure/storage/blobs/access-tiers-overview',
 'Azure Blob Storage access tiers',
 0.92, 'approved'),

('block-blob',
 'Most application file upload, backup, and content distribution scenarios use block blobs.',
 'https://learn.microsoft.com/azure/storage/blobs/storage-blobs-introduction',
 'Introduction to Azure Blob Storage',
 0.89, 'approved'),

('page-blob',
 'Page blobs are a collection of 512-byte pages optimized for random read and write operations.',
 'https://learn.microsoft.com/azure/storage/blobs/storage-blobs-introduction',
 'Introduction to Azure Blob Storage',
 0.96, 'approved'),

('page-blob',
 'Azure managed disks are implemented using page blob technology behind the service abstraction.',
 'https://learn.microsoft.com/azure/storage/blobs/storage-blobs-introduction',
 'Introduction to Azure Blob Storage',
 0.93, 'approved'),

('page-blob',
 'Page blobs fit workloads that need frequent updates at arbitrary offsets instead of append-only writes.',
 'https://learn.microsoft.com/azure/storage/blobs/storage-blobs-introduction',
 'Introduction to Azure Blob Storage',
 0.91, 'approved'),

('page-blob',
 'Compared with block blobs, page blobs focus on random IO patterns rather than object-style transfers.',
 'https://learn.microsoft.com/azure/storage/blobs/storage-blobs-introduction',
 'Introduction to Azure Blob Storage',
 0.89, 'approved'),

('append-blob',
 'Append blobs are composed of blocks like block blobs, but they are optimized for append operations.',
 'https://learn.microsoft.com/azure/storage/blobs/storage-blobs-introduction',
 'Introduction to Azure Blob Storage',
 0.96, 'approved'),

('append-blob',
 'Applications can add data only to the end of an append blob, which is useful for logging scenarios.',
 'https://learn.microsoft.com/azure/storage/blobs/storage-blobs-introduction',
 'Introduction to Azure Blob Storage',
 0.94, 'approved'),

('append-blob',
 'Append blobs help preserve ordered event or audit records without rewriting existing content.',
 'https://learn.microsoft.com/azure/storage/blobs/storage-blobs-introduction',
 'Introduction to Azure Blob Storage',
 0.91, 'approved'),

('append-blob',
 'Teams commonly use append blobs when they need durable log accumulation in Blob Storage.',
 'https://learn.microsoft.com/azure/storage/blobs/storage-blobs-introduction',
 'Introduction to Azure Blob Storage',
 0.89, 'approved'),

('blob-access-tier',
 'Azure Storage offers hot, cool, and archive tiers for object data in block blobs.',
 'https://learn.microsoft.com/azure/storage/blobs/access-tiers-overview',
 'Azure Blob Storage access tiers',
 0.97, 'approved'),

('blob-access-tier',
 'The right access tier depends on how often data is accessed and how long it must be retained.',
 'https://learn.microsoft.com/azure/storage/blobs/access-tiers-overview',
 'Azure Blob Storage access tiers',
 0.95, 'approved'),

('blob-access-tier',
 'Hot storage targets frequently accessed data, while cool and archive reduce cost for colder data.',
 'https://learn.microsoft.com/azure/storage/blobs/access-tiers-overview',
 'Azure Blob Storage access tiers',
 0.93, 'approved'),

('blob-access-tier',
 'Lifecycle policies can move eligible block blobs between tiers automatically as data ages.',
 'https://learn.microsoft.com/azure/storage/blobs/access-tiers-overview',
 'Azure Blob Storage access tiers',
 0.90, 'approved'),

('blob-lifecycle-mgmt',
 'Lifecycle management provides a rich, rule-based policy for general-purpose v2 and Blob Storage accounts.',
 'https://learn.microsoft.com/azure/storage/blobs/lifecycle-management-overview',
 'Optimize costs by automating Azure Blob Storage access tiers',
 0.97, 'approved'),

('blob-lifecycle-mgmt',
 'Lifecycle rules can transition blobs to cool or archive tiers and can delete blobs, versions, or snapshots.',
 'https://learn.microsoft.com/azure/storage/blobs/lifecycle-management-overview',
 'Optimize costs by automating Azure Blob Storage access tiers',
 0.95, 'approved'),

('blob-lifecycle-mgmt',
 'Rules evaluate filters such as blob type, prefix, and index tags to target specific datasets.',
 'https://learn.microsoft.com/azure/storage/blobs/lifecycle-management-overview',
 'Optimize costs by automating Azure Blob Storage access tiers',
 0.93, 'approved'),

('blob-lifecycle-mgmt',
 'Lifecycle management helps control cost for large estates where data age and temperature change over time.',
 'https://learn.microsoft.com/azure/storage/blobs/lifecycle-management-overview',
 'Optimize costs by automating Azure Blob Storage access tiers',
 0.90, 'approved'),

('blob-versioning',
 'Blob versioning automatically maintains previous versions of an object after it is modified or deleted.',
 'https://learn.microsoft.com/azure/storage/blobs/versioning-overview',
 'Blob versioning',
 0.97, 'approved'),

('blob-versioning',
 'Each write operation creates a new version that can be listed and restored if a later change is unwanted.',
 'https://learn.microsoft.com/azure/storage/blobs/versioning-overview',
 'Blob versioning',
 0.95, 'approved'),

('blob-versioning',
 'Versioning is a core data protection feature for defending against accidental overwrites and deletes.',
 'https://learn.microsoft.com/azure/storage/blobs/versioning-overview',
 'Blob versioning',
 0.93, 'approved'),

('blob-versioning',
 'Lifecycle policies can also manage the retention and deletion of old blob versions.',
 'https://learn.microsoft.com/azure/storage/blobs/versioning-overview',
 'Blob versioning',
 0.90, 'approved'),

('blob-snapshot',
 'A snapshot is a read-only version of a blob that is taken at a point in time.',
 'https://learn.microsoft.com/azure/storage/blobs/snapshots-overview',
 'Blob snapshots',
 0.97, 'approved'),

('blob-snapshot',
 'Snapshots preserve the base blob state so an application can recover or compare content later.',
 'https://learn.microsoft.com/azure/storage/blobs/snapshots-overview',
 'Blob snapshots',
 0.95, 'approved'),

('blob-snapshot',
 'Because snapshots are incremental, they are useful for protection workflows without duplicating all data immediately.',
 'https://learn.microsoft.com/azure/storage/blobs/snapshots-overview',
 'Blob snapshots',
 0.92, 'approved'),

('blob-snapshot',
 'Teams use snapshots before risky updates, backup operations, or data pipeline changes.',
 'https://learn.microsoft.com/azure/storage/blobs/snapshots-overview',
 'Blob snapshots',
 0.89, 'approved'),

('blob-soft-delete',
 'Blob soft delete protects an individual blob, version, or snapshot from accidental deletes or overwrites.',
 'https://learn.microsoft.com/azure/storage/blobs/soft-delete-blob-overview',
 'Soft delete for blobs',
 0.97, 'approved'),

('blob-soft-delete',
 'When soft delete is enabled, deleted data is retained for a configured retention period before permanent removal.',
 'https://learn.microsoft.com/azure/storage/blobs/soft-delete-blob-overview',
 'Soft delete for blobs',
 0.95, 'approved'),

('blob-soft-delete',
 'Soft delete improves recoverability in operational environments where accidental deletion is a real risk.',
 'https://learn.microsoft.com/azure/storage/blobs/soft-delete-blob-overview',
 'Soft delete for blobs',
 0.92, 'approved'),

('blob-soft-delete',
 'Soft delete complements snapshots and versioning as part of a broader Blob Storage protection strategy.',
 'https://learn.microsoft.com/azure/storage/blobs/soft-delete-blob-overview',
 'Soft delete for blobs',
 0.89, 'approved'),

('blob-index-tags',
 'Blob index tags categorize data in your storage account using key-value tag attributes.',
 'https://learn.microsoft.com/azure/storage/blobs/storage-manage-find-blobs',
 'Manage and find Azure Blob data with blob index tags',
 0.97, 'approved'),

('blob-index-tags',
 'Applications can query blobs by tag values without scanning every object name or path.',
 'https://learn.microsoft.com/azure/storage/blobs/storage-manage-find-blobs',
 'Manage and find Azure Blob data with blob index tags',
 0.95, 'approved'),

('blob-index-tags',
 'Blob index tags are useful for data classification, search, governance, and lifecycle policy targeting.',
 'https://learn.microsoft.com/azure/storage/blobs/storage-manage-find-blobs',
 'Manage and find Azure Blob data with blob index tags',
 0.92, 'approved'),

('blob-index-tags',
 'Teams often tag blobs with business metadata such as tenant, retention class, or processing state.',
 'https://learn.microsoft.com/azure/storage/blobs/storage-manage-find-blobs',
 'Manage and find Azure Blob data with blob index tags',
 0.89, 'approved'),

('data-lake-gen2',
 'Azure Data Lake Storage Gen2 is a set of capabilities dedicated to big data analytics built on Azure Blob Storage.',
 'https://learn.microsoft.com/azure/storage/blobs/data-lake-storage-introduction',
 'Introduction to Azure Data Lake Storage Gen2',
 0.97, 'approved'),

('data-lake-gen2',
 'Data Lake Storage Gen2 combines object storage scalability with file system semantics for analytics engines.',
 'https://learn.microsoft.com/azure/storage/blobs/data-lake-storage-introduction',
 'Introduction to Azure Data Lake Storage Gen2',
 0.95, 'approved'),

('data-lake-gen2',
 'Analytics services such as Hadoop-compatible engines benefit from hierarchical paths and directory operations.',
 'https://learn.microsoft.com/azure/storage/blobs/data-lake-storage-introduction',
 'Introduction to Azure Data Lake Storage Gen2',
 0.93, 'approved'),

('data-lake-gen2',
 'The capability is enabled on a storage account by turning on the hierarchical namespace feature.',
 'https://learn.microsoft.com/azure/storage/blobs/data-lake-storage-introduction',
 'Introduction to Azure Data Lake Storage Gen2',
 0.91, 'approved'),

('hierarchical-namespace',
 'A hierarchical namespace organizes objects into a hierarchy of directories and files.',
 'https://learn.microsoft.com/azure/storage/blobs/data-lake-storage-namespace',
 'The benefits of a hierarchical namespace',
 0.97, 'approved'),

('hierarchical-namespace',
 'Directory manipulation becomes an atomic metadata operation instead of a sequence of object copies and deletes.',
 'https://learn.microsoft.com/azure/storage/blobs/data-lake-storage-namespace',
 'The benefits of a hierarchical namespace',
 0.95, 'approved'),

('hierarchical-namespace',
 'This model improves performance for analytic workloads that frequently rename or move directories.',
 'https://learn.microsoft.com/azure/storage/blobs/data-lake-storage-namespace',
 'The benefits of a hierarchical namespace',
 0.93, 'approved'),

('hierarchical-namespace',
 'Hierarchical namespace is the foundational capability behind Azure Data Lake Storage Gen2.',
 'https://learn.microsoft.com/azure/storage/blobs/data-lake-storage-namespace',
 'The benefits of a hierarchical namespace',
 0.90, 'approved'),

('managed-disk',
 'Azure managed disks are block-level storage volumes that are managed by Azure and used with virtual machines.',
 'https://learn.microsoft.com/azure/virtual-machines/managed-disks-overview',
 'Azure managed disks overview',
 0.97, 'approved'),

('managed-disk',
 'Managed disks remove the need to create and manage storage accounts for VM disks.',
 'https://learn.microsoft.com/azure/virtual-machines/managed-disks-overview',
 'Azure managed disks overview',
 0.95, 'approved'),

('managed-disk',
 'Azure offers multiple managed disk types so architects can match performance and cost to workload needs.',
 'https://learn.microsoft.com/azure/virtual-machines/managed-disks-overview',
 'Azure managed disks overview',
 0.93, 'approved'),

('managed-disk',
 'Managed disks integrate with snapshots, encryption, availability features, and disk sharing capabilities.',
 'https://learn.microsoft.com/azure/virtual-machines/managed-disks-overview',
 'Azure managed disks overview',
 0.91, 'approved'),

('ultra-disk',
 'Ultra Disks provide high throughput, high IOPS, and consistent low latency for Azure virtual machines.',
 'https://learn.microsoft.com/azure/virtual-machines/disks-types#ultra-disks',
 'Select a disk type for Azure IaaS VMs',
 0.97, 'approved'),

('ultra-disk',
 'Ultra Disks are designed for data-intensive workloads such as SAP HANA, top-tier databases, and transaction-heavy systems.',
 'https://learn.microsoft.com/azure/virtual-machines/disks-types#ultra-disks',
 'Select a disk type for Azure IaaS VMs',
 0.95, 'approved'),

('ultra-disk',
 'Performance settings for Ultra Disk can be adjusted independently of the disk size in supported scenarios.',
 'https://learn.microsoft.com/azure/virtual-machines/disks-types#ultra-disks',
 'Select a disk type for Azure IaaS VMs',
 0.93, 'approved'),

('ultra-disk',
 'Architects choose Ultra Disk when predictable IO performance is more important than lowest cost.',
 'https://learn.microsoft.com/azure/virtual-machines/disks-types#ultra-disks',
 'Select a disk type for Azure IaaS VMs',
 0.90, 'approved'),

('premium-ssd',
 'Premium SSD offers low-latency SSD-backed storage for production and performance-sensitive workloads.',
 'https://learn.microsoft.com/azure/virtual-machines/disks-types#premium-ssds',
 'Select a disk type for Azure IaaS VMs',
 0.97, 'approved'),

('premium-ssd',
 'Premium SSD is commonly used for enterprise applications, databases, and high-throughput virtual machines.',
 'https://learn.microsoft.com/azure/virtual-machines/disks-types#premium-ssds',
 'Select a disk type for Azure IaaS VMs',
 0.95, 'approved'),

('premium-ssd',
 'The disk type balances strong performance with simpler deployment than the most specialized tiers.',
 'https://learn.microsoft.com/azure/virtual-machines/disks-types#premium-ssds',
 'Select a disk type for Azure IaaS VMs',
 0.92, 'approved'),

('premium-ssd',
 'Premium SSD is a frequent default choice for business-critical VM storage in Azure.',
 'https://learn.microsoft.com/azure/virtual-machines/disks-types#premium-ssds',
 'Select a disk type for Azure IaaS VMs',
 0.89, 'approved'),

('standard-ssd',
 'Standard SSD provides consistent performance at a lower cost than Premium SSD.',
 'https://learn.microsoft.com/azure/virtual-machines/disks-types#standard-ssds',
 'Select a disk type for Azure IaaS VMs',
 0.97, 'approved'),

('standard-ssd',
 'Standard SSD is suitable for web servers, lightly used enterprise applications, and development or test workloads.',
 'https://learn.microsoft.com/azure/virtual-machines/disks-types#standard-ssds',
 'Select a disk type for Azure IaaS VMs',
 0.95, 'approved'),

('standard-ssd',
 'This tier is chosen when predictable latency is needed but premium performance is not required.',
 'https://learn.microsoft.com/azure/virtual-machines/disks-types#standard-ssds',
 'Select a disk type for Azure IaaS VMs',
 0.92, 'approved'),

('standard-ssd',
 'Standard SSD reduces cost while still providing SSD-backed storage semantics for VM workloads.',
 'https://learn.microsoft.com/azure/virtual-machines/disks-types#standard-ssds',
 'Select a disk type for Azure IaaS VMs',
 0.89, 'approved'),

('standard-hdd',
 'Standard HDD offers the lowest cost managed disk option for noncritical workloads.',
 'https://learn.microsoft.com/azure/virtual-machines/disks-types#standard-hdds',
 'Select a disk type for Azure IaaS VMs',
 0.97, 'approved'),

('standard-hdd',
 'Standard HDD is commonly used for backup, infrequent access, and development or testing scenarios.',
 'https://learn.microsoft.com/azure/virtual-machines/disks-types#standard-hdds',
 'Select a disk type for Azure IaaS VMs',
 0.95, 'approved'),

('standard-hdd',
 'The tier emphasizes economy over latency and maximum throughput.',
 'https://learn.microsoft.com/azure/virtual-machines/disks-types#standard-hdds',
 'Select a disk type for Azure IaaS VMs',
 0.92, 'approved'),

('standard-hdd',
 'Teams often reserve Standard HDD for workloads where performance sensitivity is low and budget matters most.',
 'https://learn.microsoft.com/azure/virtual-machines/disks-types#standard-hdds',
 'Select a disk type for Azure IaaS VMs',
 0.89, 'approved'),

('disk-encryption-set',
 'A disk encryption set is a resource that references a key in Azure Key Vault for managed disk encryption.',
 'https://learn.microsoft.com/azure/virtual-machines/disk-encryption',
 'Use customer-managed keys for server-side encryption of Azure managed disks',
 0.96, 'approved'),

('disk-encryption-set',
 'Managed disks and snapshots can use customer-managed keys through a disk encryption set.',
 'https://learn.microsoft.com/azure/virtual-machines/disk-encryption',
 'Use customer-managed keys for server-side encryption of Azure managed disks',
 0.94, 'approved'),

('disk-encryption-set',
 'This resource separates key lifecycle control from the disk resource while preserving centralized governance.',
 'https://learn.microsoft.com/azure/virtual-machines/disk-encryption',
 'Use customer-managed keys for server-side encryption of Azure managed disks',
 0.91, 'approved'),

('disk-encryption-set',
 'Architects use disk encryption sets when regulatory or operational policy requires control of the key material.',
 'https://learn.microsoft.com/azure/virtual-machines/disk-encryption',
 'Use customer-managed keys for server-side encryption of Azure managed disks',
 0.89, 'approved'),

('shared-disk',
 'Azure shared disks allow you to attach a managed disk to multiple virtual machines at the same time.',
 'https://learn.microsoft.com/azure/virtual-machines/disks-shared',
 'Share an Azure managed disk across VMs',
 0.97, 'approved'),

('shared-disk',
 'Shared disks are designed for clustered or distributed applications that need a common block device.',
 'https://learn.microsoft.com/azure/virtual-machines/disks-shared',
 'Share an Azure managed disk across VMs',
 0.95, 'approved'),

('shared-disk',
 'This capability supports scenarios such as failover clusters and highly available enterprise databases.',
 'https://learn.microsoft.com/azure/virtual-machines/disks-shared',
 'Share an Azure managed disk across VMs',
 0.92, 'approved'),

('shared-disk',
 'Shared disks extend managed disk architecture into active-passive or clustered deployment models.',
 'https://learn.microsoft.com/azure/virtual-machines/disks-shared',
 'Share an Azure managed disk across VMs',
 0.89, 'approved'),

('storage-firewall',
 'Azure Storage provides a layered security model that includes firewall rules and virtual network access restrictions.',
 'https://learn.microsoft.com/azure/storage/common/storage-network-security',
 'Azure Storage firewall and virtual network configuration',
 0.97, 'approved'),

('storage-firewall',
 'Firewall rules can limit traffic to selected public IP ranges, virtual networks, or trusted Microsoft services.',
 'https://learn.microsoft.com/azure/storage/common/storage-network-security',
 'Azure Storage firewall and virtual network configuration',
 0.95, 'approved'),

('storage-firewall',
 'Network rules are commonly used to reduce public exposure for storage accounts that back production workloads.',
 'https://learn.microsoft.com/azure/storage/common/storage-network-security',
 'Azure Storage firewall and virtual network configuration',
 0.92, 'approved'),

('storage-firewall',
 'Architects combine firewall controls with private endpoints, service endpoints, and identity-based authorization.',
 'https://learn.microsoft.com/azure/storage/common/storage-network-security',
 'Azure Storage firewall and virtual network configuration',
 0.89, 'approved'),

('storage-private-endpoint',
 'You can use private endpoints for your Azure Storage accounts to allow clients on a virtual network to securely access data over a Private Link.',
 'https://learn.microsoft.com/azure/storage/common/storage-private-endpoints',
 'Use private endpoints for Azure Storage',
 0.97, 'approved'),

('storage-private-endpoint',
 'A private endpoint assigns a private IP address from your VNet to a specific storage subresource.',
 'https://learn.microsoft.com/azure/storage/common/storage-private-endpoints',
 'Use private endpoints for Azure Storage',
 0.95, 'approved'),

('storage-private-endpoint',
 'Private endpoints help remove the need for public network access to blob, file, queue, or table endpoints.',
 'https://learn.microsoft.com/azure/storage/common/storage-private-endpoints',
 'Use private endpoints for Azure Storage',
 0.92, 'approved'),

('storage-private-endpoint',
 'Private DNS integration is usually required so applications resolve storage account names to the private address.',
 'https://learn.microsoft.com/azure/storage/common/storage-private-endpoints',
 'Use private endpoints for Azure Storage',
 0.89, 'approved'),

('sas-token',
 'A shared access signature delegates secure access to resources in your storage account without sharing the account key.',
 'https://learn.microsoft.com/azure/storage/common/storage-sas-overview',
 'Grant limited access to Azure Storage resources using shared access signatures (SAS)',
 0.97, 'approved'),

('sas-token',
 'A SAS token defines a bounded scope through permissions, resource types, service targets, and start or expiry times.',
 'https://learn.microsoft.com/azure/storage/common/storage-sas-overview',
 'Grant limited access to Azure Storage resources using shared access signatures (SAS)',
 0.95, 'approved'),

('sas-token',
 'Teams use SAS for temporary uploads, controlled downloads, delegated processing, and partner integration scenarios.',
 'https://learn.microsoft.com/azure/storage/common/storage-sas-overview',
 'Grant limited access to Azure Storage resources using shared access signatures (SAS)',
 0.92, 'approved'),

('sas-token',
 'Azure Storage supports user delegation SAS, service SAS, and account SAS models.',
 'https://learn.microsoft.com/azure/storage/common/storage-sas-overview',
 'Grant limited access to Azure Storage resources using shared access signatures (SAS)',
 0.89, 'approved'),

('storage-access-keys',
 'Each storage account has two access keys that can be rotated without interrupting client access.',
 'https://learn.microsoft.com/azure/storage/common/storage-account-keys-manage',
 'Manage storage account access keys',
 0.97, 'approved'),

('storage-access-keys',
 'Applications that use shared key authorization sign requests with one of the storage account keys.',
 'https://learn.microsoft.com/azure/storage/common/storage-account-keys-manage',
 'Manage storage account access keys',
 0.95, 'approved'),

('storage-access-keys',
 'Access keys are powerful account-level secrets and should be protected, rotated, and minimized when possible.',
 'https://learn.microsoft.com/azure/storage/common/storage-account-keys-manage',
 'Manage storage account access keys',
 0.92, 'approved'),

('storage-access-keys',
 'Service SAS and account SAS tokens are frequently signed by these storage account keys.',
 'https://learn.microsoft.com/azure/storage/common/storage-account-keys-manage',
 'Manage storage account access keys',
 0.89, 'approved'),

('azure-ad-storage-auth',
 'You can authorize access to data in Azure Storage by using Microsoft Entra ID and Azure role-based access control.',
 'https://learn.microsoft.com/azure/storage/common/authorize-data-access',
 'Authorize access to data in Azure Storage',
 0.97, 'approved'),

('azure-ad-storage-auth',
 'Microsoft Entra authorization removes the need to distribute shared keys to every application or user.',
 'https://learn.microsoft.com/azure/storage/common/authorize-data-access',
 'Authorize access to data in Azure Storage',
 0.95, 'approved'),

('azure-ad-storage-auth',
 'Role assignments can scope data permissions at the account, container, queue, file share, or table level.',
 'https://learn.microsoft.com/azure/storage/common/authorize-data-access',
 'Authorize access to data in Azure Storage',
 0.92, 'approved'),

('azure-ad-storage-auth',
 'Identity-based access is a best practice for production workloads that need centralized governance and auditing.',
 'https://learn.microsoft.com/azure/storage/common/authorize-data-access',
 'Authorize access to data in Azure Storage',
 0.89, 'approved'),

('storage-encryption',
 'Azure Storage automatically encrypts your data when it is persisted to the cloud.',
 'https://learn.microsoft.com/azure/storage/common/storage-service-encryption',
 'Azure Storage encryption for data at rest',
 0.97, 'approved'),

('storage-encryption',
 'Storage service encryption protects data at rest for blob, file, queue, and table services.',
 'https://learn.microsoft.com/azure/storage/common/storage-service-encryption',
 'Azure Storage encryption for data at rest',
 0.95, 'approved'),

('storage-encryption',
 'Azure manages encryption transparently, and customers can choose Microsoft-managed or customer-managed key models.',
 'https://learn.microsoft.com/azure/storage/common/storage-service-encryption',
 'Azure Storage encryption for data at rest',
 0.92, 'approved'),

('storage-encryption',
 'Encryption at rest is foundational for storage compliance, privacy, and defense-in-depth strategies.',
 'https://learn.microsoft.com/azure/storage/common/storage-service-encryption',
 'Azure Storage encryption for data at rest',
 0.89, 'approved'),

('customer-managed-keys',
 'Azure Storage encryption supports customer-managed keys stored in Azure Key Vault or Azure Key Vault Managed HSM.',
 'https://learn.microsoft.com/azure/storage/common/customer-managed-keys-overview',
 'Customer-managed keys for Azure Storage encryption',
 0.97, 'approved'),

('customer-managed-keys',
 'With customer-managed keys, the customer controls the lifecycle of the encryption key and can rotate or revoke it.',
 'https://learn.microsoft.com/azure/storage/common/customer-managed-keys-overview',
 'Customer-managed keys for Azure Storage encryption',
 0.95, 'approved'),

('customer-managed-keys',
 'This model is adopted when policy requires stronger control over cryptographic material than Microsoft-managed keys provide.',
 'https://learn.microsoft.com/azure/storage/common/customer-managed-keys-overview',
 'Customer-managed keys for Azure Storage encryption',
 0.92, 'approved'),

('customer-managed-keys',
 'Customer-managed keys are also central to disk encryption set based encryption for managed disks.',
 'https://learn.microsoft.com/azure/storage/common/customer-managed-keys-overview',
 'Customer-managed keys for Azure Storage encryption',
 0.89, 'approved'),

('lrs',
 'Locally redundant storage replicates your data synchronously three times within a single physical location in the primary region.',
 'https://learn.microsoft.com/azure/storage/common/storage-redundancy',
 'Azure Storage redundancy',
 0.97, 'approved'),

('lrs',
 'LRS provides durability against local drive and server failures, but it does not protect against zonal or regional outage.',
 'https://learn.microsoft.com/azure/storage/common/storage-redundancy',
 'Azure Storage redundancy',
 0.95, 'approved'),

('lrs',
 'LRS is typically the least expensive redundancy option for Azure Storage accounts.',
 'https://learn.microsoft.com/azure/storage/common/storage-redundancy',
 'Azure Storage redundancy',
 0.92, 'approved'),

('lrs',
 'Architects choose LRS when local durability is sufficient and cross-zone or cross-region resilience is unnecessary.',
 'https://learn.microsoft.com/azure/storage/common/storage-redundancy',
 'Azure Storage redundancy',
 0.89, 'approved'),

('zrs',
 'Zone-redundant storage copies your data synchronously across three availability zones in the primary region.',
 'https://learn.microsoft.com/azure/storage/common/storage-redundancy',
 'Azure Storage redundancy',
 0.97, 'approved'),

('zrs',
 'ZRS protects against zonal failures while keeping data strongly consistent in the primary region.',
 'https://learn.microsoft.com/azure/storage/common/storage-redundancy',
 'Azure Storage redundancy',
 0.95, 'approved'),

('zrs',
 'This option is used when a workload needs higher in-region resilience than LRS provides.',
 'https://learn.microsoft.com/azure/storage/common/storage-redundancy',
 'Azure Storage redundancy',
 0.92, 'approved'),

('zrs',
 'ZRS is a common durability choice for production systems that need to tolerate an availability zone outage.',
 'https://learn.microsoft.com/azure/storage/common/storage-redundancy',
 'Azure Storage redundancy',
 0.89, 'approved'),

('grs',
 'Geo-redundant storage replicates your data to a secondary region that is hundreds of miles away from the primary region.',
 'https://learn.microsoft.com/azure/storage/common/storage-redundancy',
 'Azure Storage redundancy',
 0.97, 'approved'),

('grs',
 'GRS combines local redundancy in the primary region with asynchronous replication to the paired secondary region.',
 'https://learn.microsoft.com/azure/storage/common/storage-redundancy',
 'Azure Storage redundancy',
 0.95, 'approved'),

('grs',
 'The model supports disaster recovery planning where regional resilience matters more than immediate secondary reads.',
 'https://learn.microsoft.com/azure/storage/common/storage-redundancy',
 'Azure Storage redundancy',
 0.92, 'approved'),

('grs',
 'Failover to the secondary region is a strategic durability feature for business continuity scenarios.',
 'https://learn.microsoft.com/azure/storage/common/storage-redundancy',
 'Azure Storage redundancy',
 0.89, 'approved'),

('ra-grs',
 'Read-access geo-redundant storage provides all the durability of GRS and also allows read access to data in the secondary region.',
 'https://learn.microsoft.com/azure/storage/common/storage-redundancy',
 'Azure Storage redundancy',
 0.97, 'approved'),

('ra-grs',
 'RA-GRS is useful when applications need disaster recovery readiness plus read-only access to the replica region.',
 'https://learn.microsoft.com/azure/storage/common/storage-redundancy',
 'Azure Storage redundancy',
 0.95, 'approved'),

('ra-grs',
 'This model can support testing, reporting, or continuity patterns that benefit from secondary-region reads.',
 'https://learn.microsoft.com/azure/storage/common/storage-redundancy',
 'Azure Storage redundancy',
 0.92, 'approved'),

('ra-grs',
 'RA-GRS extends the GRS durability model with additional read access capabilities instead of changing the replication path itself.',
 'https://learn.microsoft.com/azure/storage/common/storage-redundancy',
 'Azure Storage redundancy',
 0.89, 'approved'),

('gzrs',
 'Geo-zone-redundant storage combines synchronous replication across availability zones with asynchronous replication to a secondary region.',
 'https://learn.microsoft.com/azure/storage/common/storage-redundancy',
 'Azure Storage redundancy',
 0.97, 'approved'),

('gzrs',
 'GZRS is designed for workloads that need both in-region zone resilience and regional disaster recovery.',
 'https://learn.microsoft.com/azure/storage/common/storage-redundancy',
 'Azure Storage redundancy',
 0.95, 'approved'),

('gzrs',
 'This option provides stronger durability characteristics than either ZRS or GRS alone.',
 'https://learn.microsoft.com/azure/storage/common/storage-redundancy',
 'Azure Storage redundancy',
 0.92, 'approved'),

('gzrs',
 'Mission-critical systems often use GZRS when they need to tolerate both zone failures and regional recovery events.',
 'https://learn.microsoft.com/azure/storage/common/storage-redundancy',
 'Azure Storage redundancy',
 0.89, 'approved'),

('ra-gzrs',
 'Read-access geo-zone-redundant storage provides the same replication as GZRS together with read access to the secondary region.',
 'https://learn.microsoft.com/azure/storage/common/storage-redundancy',
 'Azure Storage redundancy',
 0.97, 'approved'),

('ra-gzrs',
 'RA-GZRS combines zone-level resilience, geo-replication, and read-only access to the paired region.',
 'https://learn.microsoft.com/azure/storage/common/storage-redundancy',
 'Azure Storage redundancy',
 0.95, 'approved'),

('ra-gzrs',
 'This durability option is a strong fit for continuity architectures that want the richest replica access pattern.',
 'https://learn.microsoft.com/azure/storage/common/storage-redundancy',
 'Azure Storage redundancy',
 0.92, 'approved'),

('ra-gzrs',
 'RA-GZRS is often selected when secondary-region read capability matters in addition to resilience goals.',
 'https://learn.microsoft.com/azure/storage/common/storage-redundancy',
 'Azure Storage redundancy',
 0.89, 'approved'),

('storage-service-endpoint',
 'Virtual network rules for Azure Storage can be based on subnets that use service endpoints to the storage service.',
 'https://learn.microsoft.com/azure/storage/common/storage-network-security',
 'Azure Storage firewall and virtual network configuration',
 0.96, 'approved'),

('storage-service-endpoint',
 'A service endpoint extends the identity of your VNet to Azure Storage over the Azure backbone network.',
 'https://learn.microsoft.com/azure/storage/common/storage-network-security',
 'Azure Storage firewall and virtual network configuration',
 0.94, 'approved'),

('storage-service-endpoint',
 'Architects use service endpoints when storage should remain public-addressed but only reachable from approved subnets.',
 'https://learn.microsoft.com/azure/storage/common/storage-network-security',
 'Azure Storage firewall and virtual network configuration',
 0.91, 'approved'),

('storage-service-endpoint',
 'Service endpoints are a different private access pattern than Private Link and private endpoints.',
 'https://learn.microsoft.com/azure/storage/common/storage-network-security',
 'Azure Storage firewall and virtual network configuration',
 0.89, 'approved'),

('static-website',
 'You can serve static content directly from a storage account by enabling static website hosting for Blob Storage.',
 'https://learn.microsoft.com/azure/storage/blobs/storage-blob-static-website',
 'Static website hosting in Azure Storage',
 0.97, 'approved'),

('static-website',
 'Static website hosting is intended for assets such as HTML, CSS, JavaScript, images, and client-side application bundles.',
 'https://learn.microsoft.com/azure/storage/blobs/storage-blob-static-website',
 'Static website hosting in Azure Storage',
 0.95, 'approved'),

('static-website',
 'The feature publishes content from a special container and exposes index and error document configuration.',
 'https://learn.microsoft.com/azure/storage/blobs/storage-blob-static-website',
 'Static website hosting in Azure Storage',
 0.92, 'approved'),

('static-website',
 'Teams use this capability for lightweight web apps, documentation sites, and front-end assets.',
 'https://learn.microsoft.com/azure/storage/blobs/storage-blob-static-website',
 'Static website hosting in Azure Storage',
 0.89, 'approved'),

('azure-file-sync',
 'Azure File Sync transforms Windows Server into a quick cache of your Azure file share.',
 'https://learn.microsoft.com/azure/storage/file-sync/file-sync-introduction',
 'Introduction to Azure File Sync',
 0.97, 'approved'),

('azure-file-sync',
 'The service centralizes file shares in Azure Files while keeping hot data available locally on Windows Servers.',
 'https://learn.microsoft.com/azure/storage/file-sync/file-sync-introduction',
 'Introduction to Azure File Sync',
 0.95, 'approved'),

('azure-file-sync',
 'Cloud tiering helps preserve local server capacity by recalling colder files from Azure on demand.',
 'https://learn.microsoft.com/azure/storage/file-sync/file-sync-introduction',
 'Introduction to Azure File Sync',
 0.92, 'approved'),

('azure-file-sync',
 'Azure File Sync is useful in hybrid file migration and branch office consolidation scenarios.',
 'https://learn.microsoft.com/azure/storage/file-sync/file-sync-introduction',
 'Introduction to Azure File Sync',
 0.89, 'approved'),

('azcopy',
 'AzCopy is a command-line utility that you can use to copy blobs or files to or from a storage account.',
 'https://learn.microsoft.com/azure/storage/common/storage-use-azcopy-v10',
 'Get started with AzCopy',
 0.97, 'approved'),

('azcopy',
 'AzCopy is optimized for performance and is widely used for bulk data ingestion, export, and synchronization.',
 'https://learn.microsoft.com/azure/storage/common/storage-use-azcopy-v10',
 'Get started with AzCopy',
 0.95, 'approved'),

('azcopy',
 'The tool supports Blob Storage, Azure Files, and Data Lake Storage Gen2 endpoints.',
 'https://learn.microsoft.com/azure/storage/common/storage-use-azcopy-v10',
 'Get started with AzCopy',
 0.92, 'approved'),

('azcopy',
 'Operations teams often script AzCopy for migrations, backups, and scheduled content movement.',
 'https://learn.microsoft.com/azure/storage/common/storage-use-azcopy-v10',
 'Get started with AzCopy',
 0.89, 'approved'),

('storage-mover',
 'Azure Storage Mover is a fully managed migration service that moves file and folder data into Azure Storage.',
 'https://learn.microsoft.com/azure/storage-mover/overview',
 'What is Azure Storage Mover?',
 0.96, 'approved'),

('storage-mover',
 'The service coordinates migration projects, agents, endpoints, and transfer jobs for enterprise-scale movement.',
 'https://learn.microsoft.com/azure/storage-mover/overview',
 'What is Azure Storage Mover?',
 0.94, 'approved'),

('storage-mover',
 'Storage Mover is built for orchestrated migrations where repeatability, visibility, and centralized control are important.',
 'https://learn.microsoft.com/azure/storage-mover/overview',
 'What is Azure Storage Mover?',
 0.91, 'approved'),

('storage-mover',
 'Teams choose Storage Mover when they want a managed service rather than only a point tool for transfer.',
 'https://learn.microsoft.com/azure/storage-mover/overview',
 'What is Azure Storage Mover?',
 0.89, 'approved'),

('data-box',
 'Azure Data Box is a family of products that lets you transfer large amounts of data to Azure when network transfer is too slow or expensive.',
 'https://learn.microsoft.com/azure/databox/data-box-overview',
 'What is Azure Data Box?',
 0.96, 'approved'),

('data-box',
 'Microsoft ships the device to you so data can be copied locally and then uploaded into Azure after return shipment.',
 'https://learn.microsoft.com/azure/databox/data-box-overview',
 'What is Azure Data Box?',
 0.94, 'approved'),

('data-box',
 'Data Box is suited to offline migration, disaster recovery seeding, and initial bulk ingest scenarios.',
 'https://learn.microsoft.com/azure/databox/data-box-overview',
 'What is Azure Data Box?',
 0.91, 'approved'),

('data-box',
 'Physical transfer devices complement network-based tools such as AzCopy and Storage Mover.',
 'https://learn.microsoft.com/azure/databox/data-box-overview',
 'What is Azure Data Box?',
 0.89, 'approved'),

('storage-analytics',
 'Storage Analytics performs logging and provides metrics data for a storage account.',
 'https://learn.microsoft.com/azure/storage/common/storage-analytics',
 'Storage Analytics',
 0.96, 'approved'),

('storage-analytics',
 'Telemetry helps administrators understand requests, failures, and patterns across storage services.',
 'https://learn.microsoft.com/azure/storage/common/storage-analytics',
 'Storage Analytics',
 0.94, 'approved'),

('storage-analytics',
 'Storage Analytics data is valuable during troubleshooting, capacity review, and workload optimization exercises.',
 'https://learn.microsoft.com/azure/storage/common/storage-analytics',
 'Storage Analytics',
 0.91, 'approved'),

('storage-analytics',
 'Metrics and diagnostic logs together provide the operational visibility layer for classic storage telemetry.',
 'https://learn.microsoft.com/azure/storage/common/storage-analytics',
 'Storage Analytics',
 0.89, 'approved'),

('storage-metrics',
 'Storage Analytics metrics summarize transaction counts, egress and ingress, availability, and latency information.',
 'https://learn.microsoft.com/azure/storage/common/storage-analytics-metrics',
 'Azure Storage Analytics metrics',
 0.96, 'approved'),

('storage-metrics',
 'Metrics can be used to identify workload spikes, throttling symptoms, and trends in service usage.',
 'https://learn.microsoft.com/azure/storage/common/storage-analytics-metrics',
 'Azure Storage Analytics metrics',
 0.94, 'approved'),

('storage-metrics',
 'Capacity and request metrics help operations teams understand both performance and cost drivers.',
 'https://learn.microsoft.com/azure/storage/common/storage-analytics-metrics',
 'Azure Storage Analytics metrics',
 0.91, 'approved'),

('storage-metrics',
 'Service owners use storage metrics to validate SLA behavior and to spot abnormal traffic patterns.',
 'https://learn.microsoft.com/azure/storage/common/storage-analytics-metrics',
 'Azure Storage Analytics metrics',
 0.89, 'approved'),

('storage-diagnostic-logs',
 'Storage Analytics logging records detailed information about successful and failed requests to a storage service.',
 'https://learn.microsoft.com/azure/storage/common/storage-analytics-logging',
 'Azure Storage Analytics logging',
 0.96, 'approved'),

('storage-diagnostic-logs',
 'Diagnostic logs include request metadata that helps explain authentication, latency, and error conditions.',
 'https://learn.microsoft.com/azure/storage/common/storage-analytics-logging',
 'Azure Storage Analytics logging',
 0.94, 'approved'),

('storage-diagnostic-logs',
 'Operations teams review logs to investigate failures, unexpected callers, and service-side throttling or timeout behavior.',
 'https://learn.microsoft.com/azure/storage/common/storage-analytics-logging',
 'Azure Storage Analytics logging',
 0.91, 'approved'),

('storage-diagnostic-logs',
 'Logs complement storage metrics by adding request-level evidence to account-wide trends.',
 'https://learn.microsoft.com/azure/storage/common/storage-analytics-logging',
 'Azure Storage Analytics logging',
 0.89, 'approved');

-- ─── Journeys ─────────────────────────────────────────────────────────────────
INSERT INTO journeys (journey_id, domain_id, title, description, status) VALUES
('journey-blob-lifecycle',
 'storage',
 'Control blob cost with lifecycle management',
 'Create a storage account, place data in Blob Storage, choose access tiers, and automate transitions and retention behavior.',
 'approved'),

('journey-data-lake-setup',
 'storage',
 'Enable a Data Lake Storage Gen2 account',
 'Turn on hierarchical namespace and prepare a storage account for analytics-friendly directory semantics.',
 'approved'),

('journey-managed-disk-encryption',
 'storage',
 'Encrypt managed disks with customer-controlled keys',
 'Select a managed disk tier, configure a disk encryption set, and bind it to customer-managed keys.',
 'approved'),

('journey-storage-hardening',
 'storage',
 'Harden a storage account for production',
 'Apply encryption, identity, and network restrictions so a storage account is governed for enterprise use.',
 'approved'),

('journey-file-sync',
 'storage',
 'Extend file shares with Azure File Sync',
 'Centralize files in Azure Files and keep local performance for branch or datacenter workloads.',
 'approved'),

('journey-geo-dr',
 'storage',
 'Plan storage disaster recovery with geo-replication',
 'Choose redundancy options that move from local durability to cross-region resilience and read access.',
 'approved'),

('journey-private-access',
 'storage',
 'Provide private network access to storage',
 'Restrict the public path, compare service endpoints with private endpoints, and align identity-based data access.',
 'approved'),

('journey-storage-migration',
 'storage',
 'Migrate large datasets into Azure Storage',
 'Pick between offline devices, transfer tools, and managed migration orchestration based on the migration profile.',
 'approved');

-- ─── Journey Steps ────────────────────────────────────────────────────────────
INSERT INTO journey_steps (journey_id, node_id, step_order, narrative) VALUES
('journey-blob-lifecycle', 'storage-account'          , 1, 'Start with a storage account because lifecycle policy, redundancy, encryption, and network settings all begin at the account boundary.'),
('journey-blob-lifecycle', 'blob-storage'             , 2, 'Use Blob Storage for the unstructured dataset that will grow over time and therefore needs cost-aware retention controls.'),
('journey-blob-lifecycle', 'blob-access-tier'         , 3, 'Classify the data into hot, cool, or archive access patterns so lifecycle transitions have a clear destination.'),
('journey-blob-lifecycle', 'blob-index-tags'          , 4, 'Tag data when policy needs to distinguish business classes or retention groups inside the same account.'),
('journey-blob-lifecycle', 'blob-lifecycle-mgmt'      , 5, 'Apply lifecycle rules to transition or delete eligible blobs, snapshots, or versions automatically.'),
('journey-data-lake-setup', 'storage-account'          , 1, 'Provision a general-purpose storage account that will host both object data and analytics-oriented namespace behavior.'),
('journey-data-lake-setup', 'hierarchical-namespace'   , 2, 'Enable hierarchical namespace so directory operations become native metadata actions rather than object emulation.'),
('journey-data-lake-setup', 'data-lake-gen2'           , 3, 'Use Data Lake Storage Gen2 capabilities once the namespace is enabled to support analytics engines and file-system semantics.'),
('journey-data-lake-setup', 'blob-container'           , 4, 'Create containers or file systems to separate lake zones such as raw, curated, and consumption-ready datasets.'),
('journey-managed-disk-encryption', 'managed-disk'         , 1, 'Choose the managed disk model for the VM workload so Azure handles the underlying storage account complexity.'),
('journey-managed-disk-encryption', 'premium-ssd'          , 2, 'Pick an appropriate disk tier such as Premium SSD when the workload needs low latency and predictable production performance.'),
('journey-managed-disk-encryption', 'customer-managed-keys', 3, 'Decide that the organization must control encryption keys because policy, audit, or separation-of-duties requirements demand it.'),
('journey-managed-disk-encryption', 'disk-encryption-set'  , 4, 'Create a disk encryption set that references the approved key material and becomes the binding layer for managed disks.'),
('journey-managed-disk-encryption', 'shared-disk'          , 5, 'If the workload is clustered, validate whether disk sharing requirements also need to be preserved under the chosen encryption design.'),
('journey-storage-hardening', 'storage-account'          , 1, 'Begin by identifying the production storage account that will become the policy and security boundary for the workload.'),
('journey-storage-hardening', 'storage-encryption'       , 2, 'Confirm encryption at rest is enabled and decide whether Microsoft-managed or customer-managed keys satisfy control requirements.'),
('journey-storage-hardening', 'azure-ad-storage-auth'    , 3, 'Prefer Microsoft Entra based authorization so data-plane access can be granted with RBAC instead of broad shared secrets.'),
('journey-storage-hardening', 'storage-firewall'         , 4, 'Constrain network exposure with firewall rules so only approved networks, addresses, or exceptions can reach the account.'),
('journey-storage-hardening', 'storage-private-endpoint' , 5, 'Move critical access paths to private endpoints when the design requires storage traffic to stay on private IP space.'),
('journey-file-sync', 'storage-account'          , 1, 'Create the storage account that will host the file share and inherit the security, networking, and durability posture for the solution.'),
('journey-file-sync', 'azure-files'              , 2, 'Deploy Azure Files so the organization has a managed SMB or NFS share in Azure as the authoritative data location.'),
('journey-file-sync', 'azure-file-sync'          , 3, 'Register Azure File Sync so Windows Servers can cache active files locally while Azure remains the central namespace.'),
('journey-file-sync', 'storage-private-endpoint' , 4, 'Add a private endpoint if file share access must traverse private network paths instead of the public service endpoint.'),
('journey-geo-dr', 'storage-account'          , 1, 'Start from the storage account because redundancy is selected as an account-level durability decision.'),
('journey-geo-dr', 'lrs'                      , 2, 'Understand the baseline durability of local replication so the team has a reference point for cost versus resilience.'),
('journey-geo-dr', 'grs'                      , 3, 'Move to geo-redundant storage when disaster recovery requires an asynchronously replicated secondary region.'),
('journey-geo-dr', 'ra-grs'                   , 4, 'Choose RA-GRS if the design also benefits from read-only access to the secondary copy before a failover event.'),
('journey-geo-dr', 'ra-gzrs'                  , 5, 'Use RA-GZRS for the strongest combined pattern when both zone resilience and secondary-region reads are part of the target architecture.'),
('journey-private-access', 'storage-account'          , 1, 'Identify the storage account and decide which storage subresources must remain reachable from controlled private networks only.'),
('journey-private-access', 'storage-firewall'         , 2, 'Tighten the public endpoint with firewall rules so only the intended network paths remain possible.'),
('journey-private-access', 'storage-service-endpoint' , 3, 'Evaluate service endpoints when subnet-based restriction to the public endpoint is sufficient and simplicity matters.'),
('journey-private-access', 'storage-private-endpoint' , 4, 'Choose private endpoints when the service should be mapped directly into private IP space and public exposure should effectively disappear.'),
('journey-private-access', 'azure-ad-storage-auth'    , 5, 'Pair the network path with identity-based authorization so private connectivity does not become the only control boundary.'),
('journey-storage-migration', 'data-box'                , 1, 'Use Data Box when the initial transfer is too large for the available WAN bandwidth or the timeline is too tight for online copy.'),
('journey-storage-migration', 'storage-account'         , 2, 'Prepare the target storage account and validate account-level settings such as redundancy, networking, and encryption before data lands.'),
('journey-storage-migration', 'azcopy'                  , 3, 'Use AzCopy for high-throughput online transfer or delta synchronization when a direct network path is feasible.'),
('journey-storage-migration', 'storage-mover'           , 4, 'Adopt Storage Mover when migration needs centralized projects, agents, and repeatable transfer orchestration across many sources.'),
('journey-storage-migration', 'blob-storage'            , 5, 'Land the migrated data into Blob Storage when the target is unstructured object content or a lake-oriented data platform.');

COMMIT;
