BEGIN;

-- ─── Domain ───────────────────────────────────────────────────────────────────
INSERT INTO domains (domain_id, label, description, display_order, status) VALUES
('compute', 'Compute', 'Azure compute services centered on Virtual Machines: provisioning, scaling, security, monitoring, and cost optimization.', 3, 'approved');

-- ─── Nodes ────────────────────────────────────────────────────────────────────
INSERT INTO nodes (node_id, domain_id, label, node_type, summary, status) VALUES
('virtual-machine'           , 'compute', 'Virtual Machine'              , 'service', 'Azure IaaS compute instance that runs Windows or Linux with attached networking, storage, and management features.'    , 'approved'),
('vmss'                      , 'compute', 'Virtual Machine Scale Sets'   , 'service', 'Managed fleet of identically configured VM instances for elastic scale, resiliency, and centralized operations.'       , 'approved'),
('availability-set'          , 'compute', 'Availability Set'             , 'service', 'Logical grouping that spreads VMs across fault and update domains to reduce correlated failure risk.'                  , 'approved'),
('availability-zone'         , 'compute', 'Availability Zone'            , 'concept', 'Physically separate zone within a region used to distribute VM instances and improve resiliency.'                      , 'approved'),
('proximity-placement-group' , 'compute', 'Proximity Placement Group'    , 'service', 'Placement control resource that keeps related compute resources physically close for low-latency communication.'       , 'approved'),
('vm-size'                   , 'compute', 'VM Size'                      , 'concept', 'CPU, memory, storage, and networking profile selected for a VM or scale set instance.'                                 , 'approved'),
('os-disk'                   , 'compute', 'OS Disk'                      , 'concept', 'Primary managed disk that stores the guest operating system for a VM.'                                                 , 'approved'),
('data-disk'                 , 'compute', 'Data Disk'                    , 'concept', 'Managed disk attached to a VM for application data, databases, logs, and durable workload state.'                      , 'approved'),
('temp-disk'                 , 'compute', 'Temporary Disk'               , 'concept', 'Ephemeral local storage on the host, suited for caches, buffers, swap, and other nonpersistent data.'                  , 'approved'),
('network-interface'         , 'compute', 'Network Interface'            , 'concept', 'Virtual NIC that connects a VM to a virtual network subnet and IP configuration.'                                      , 'approved'),
('vm-extension'              , 'compute', 'VM Extension'                 , 'service', 'Post-deployment guest-side extension used for configuration, monitoring, security, and automation tasks.'              , 'approved'),
('custom-script-ext'         , 'compute', 'Custom Script Extension'      , 'service', 'Extension that runs scripts or commands inside a VM for bootstrap and configuration tasks.'                            , 'approved'),
('vm-image'                  , 'compute', 'VM Image'                     , 'concept', 'Reusable operating system and configuration artifact used to create one or many VMs.'                                  , 'approved'),
('compute-gallery'           , 'compute', 'Azure Compute Gallery'        , 'service', 'Image and VM application distribution service for versioning, replication, and large-scale VM deployment.'             , 'approved'),
('vm-generation'             , 'compute', 'VM Generation'                , 'concept', 'Generation 1 or Generation 2 VM platform model that affects boot architecture and security capabilities.'              , 'approved'),
('marketplace-image'         , 'compute', 'Marketplace Image'            , 'concept', 'Publisher-provided image from Azure Marketplace used as a standardized starting point for VM deployment.'              , 'approved'),
('custom-image'              , 'compute', 'Custom Image'                 , 'concept', 'Customer-created image captured from an existing VM or image pipeline for repeatable deployment.'                      , 'approved'),
('generalized-image'         , 'compute', 'Generalized Image'            , 'concept', 'Image captured after removing machine-specific identity so it can create many unique VM instances.'                    , 'approved'),
('specialized-image'         , 'compute', 'Specialized Image'            , 'concept', 'Image preserved with machine-specific state for cloning scenarios that keep existing configuration intact.'            , 'approved'),
('trusted-launch'            , 'compute', 'Trusted Launch'               , 'concept', 'Security profile for Gen2 VMs that enables secure boot, vTPM, and boot integrity protections.'                         , 'approved'),
('confidential-vm'           , 'compute', 'Confidential VM'              , 'service', 'VM offering with hardware-backed isolation, attestation, and protected memory and disk paths for sensitive workloads.' , 'approved'),
('azure-disk-encryption'     , 'compute', 'Azure Disk Encryption'        , 'service', 'Guest-level OS and data disk encryption feature that integrates with BitLocker, DM-Crypt, and Key Vault.'              , 'approved'),
('host-encryption'           , 'compute', 'Encryption at Host'           , 'concept', 'Host-based encryption of data before it is written to the VM storage path.'                                            , 'approved'),
('ssh-key'                   , 'compute', 'SSH Key'                      , 'concept', 'Public and private key pair used for secure administrator access to Linux VMs.'                                        , 'approved'),
('vm-managed-identity'       , 'compute', 'VM Managed Identity'          , 'concept', 'System-assigned or user-assigned identity attached to a VM for secretless access to Azure services.'                   , 'approved'),
('autoscale-setting'         , 'compute', 'Autoscale Setting'            , 'service', 'Rule and schedule configuration that grows or shrinks VMSS capacity based on metrics or time.'                         , 'approved'),
('health-extension'          , 'compute', 'Application Health Extension' , 'service', 'Extension that reports instance health so VMSS actions such as autoscale and repairs can make safe decisions.'         , 'approved'),
('automatic-repairs'         , 'compute', 'Automatic Instance Repairs'   , 'service', 'Scale set feature that replaces or reimages unhealthy instances after health checks fail.'                             , 'approved'),
('flexible-orchestration'    , 'compute', 'Flexible Orchestration'       , 'concept', 'VMSS orchestration mode that supports mixed VM types and stronger per-instance control.'                               , 'approved'),
('uniform-orchestration'     , 'compute', 'Uniform Orchestration'        , 'concept', 'VMSS orchestration mode optimized for large fleets of identical instances managed as a single resource.'               , 'approved'),
('maintenance-config'        , 'compute', 'Maintenance Configuration'    , 'service', 'Scheduling resource that controls when host, guest, or OS image maintenance is applied.'                               , 'approved'),
('scheduled-events'          , 'compute', 'Scheduled Events'             , 'concept', 'Metadata Service feed that gives VMs advance notice of maintenance, reboot, redeploy, and eviction events.'            , 'approved'),
('vm-guest-patching'         , 'compute', 'Automatic VM Guest Patching'  , 'service', 'Azure-orchestrated installation of critical and security patches for supported VMs and flexible scale sets.'           , 'approved'),
('hotpatch'                  , 'compute', 'Hotpatch'                     , 'concept', 'Patch capability that applies certain security updates without requiring a guest OS reboot.'                           , 'approved'),
('update-management'         , 'compute', 'Azure Update Manager'         , 'service', 'Unified patch governance service for Azure VMs, Arc-enabled servers, and hybrid machines.'                             , 'approved'),
('boot-diagnostics'          , 'compute', 'Boot Diagnostics'             , 'service', 'Troubleshooting feature that captures serial logs and screenshots during VM startup.'                                  , 'approved'),
('vm-insights'               , 'compute', 'VM Insights'                  , 'service', 'Azure Monitor capability for performance, dependency, and health monitoring across VMs and scale sets.'                , 'approved'),
('azure-monitor-agent'       , 'compute', 'Azure Monitor Agent'          , 'service', 'Guest agent that collects monitoring data and delivers it to Azure Monitor destinations.'                              , 'approved'),
('serial-console'            , 'compute', 'Serial Console'               , 'service', 'Out-of-band text console for diagnosing and recovering Azure VMs during boot or network failure.'                      , 'approved'),
('run-command'               , 'compute', 'Run Command'                  , 'service', 'Guest operation feature that runs scripts inside a VM through the VM agent without an interactive session.'            , 'approved'),
('reserved-instance'         , 'compute', 'Reserved Instance'            , 'concept', 'Capacity commitment model that prepays VM usage for term-based discounts.'                                             , 'approved'),
('spot-vm'                   , 'compute', 'Spot VM'                      , 'concept', 'Discounted VM option that uses spare Azure capacity and can be evicted when capacity is needed elsewhere.'             , 'approved'),
('hybrid-benefit'            , 'compute', 'Azure Hybrid Benefit'         , 'concept', 'License mobility benefit that reduces VM cost by reusing eligible on-premises Windows or SQL licenses.'                , 'approved'),
('savings-plan'              , 'compute', 'Savings Plan for Compute'     , 'concept', 'Flexible spend-based commitment model that discounts eligible compute usage over a term.'                              , 'approved'),
('vm-backup'                 , 'compute', 'Azure VM Backup'              , 'service', 'Backup service integration that stores VM recovery points in a Recovery Services vault.'                               , 'approved'),
('site-recovery'             , 'compute', 'Azure Site Recovery'          , 'service', 'Disaster recovery orchestration service for replicating VMs to a secondary Azure region.'                              , 'approved'),
('restore-point'             , 'compute', 'Restore Point'                , 'service', 'Point-in-time compute resource that captures disk state for a VM and supports fast recovery workflows.'                , 'approved'),
('vm-snapshot'               , 'compute', 'VM Snapshot'                  , 'concept', 'Point-in-time disk copy used for backup, rollback, cloning, or investigation workflows.'                               , 'approved');

-- ─── Edges ────────────────────────────────────────────────────────────────────
INSERT INTO edges (source_id, target_id, relation_type, weight, status) VALUES
('virtual-machine'            , 'vm-size'                    , 'depends_on'     , 0.99, 'approved'),
('virtual-machine'            , 'vm-image'                   , 'depends_on'     , 0.99, 'approved'),
('os-disk'                    , 'virtual-machine'            , 'attached_to'    , 1.00, 'approved'),
('data-disk'                  , 'virtual-machine'            , 'attached_to'    , 1.00, 'approved'),
('temp-disk'                  , 'virtual-machine'            , 'attached_to'    , 0.92, 'approved'),
('network-interface'          , 'virtual-machine'            , 'attached_to'    , 1.00, 'approved'),
('vm-extension'               , 'virtual-machine'            , 'attached_to'    , 0.96, 'approved'),
('custom-script-ext'          , 'vm-extension'               , 'belongs_to'     , 0.95, 'approved'),
('virtual-machine'            , 'availability-set'           , 'related_to'     , 0.82, 'approved'),
('virtual-machine'            , 'availability-zone'          , 'related_to'     , 0.84, 'approved'),
('proximity-placement-group'  , 'virtual-machine'            , 'attached_to'    , 0.90, 'approved'),
('proximity-placement-group'  , 'vmss'                       , 'attached_to'    , 0.88, 'approved'),
('vm-generation'              , 'virtual-machine'            , 'attached_to'    , 0.88, 'approved'),
('trusted-launch'             , 'vm-generation'              , 'depends_on'     , 0.97, 'approved'),
('trusted-launch'             , 'virtual-machine'            , 'secures'        , 0.95, 'approved'),
('confidential-vm'            , 'virtual-machine'            , 'related_to'     , 0.90, 'approved'),
('confidential-vm'            , 'trusted-launch'             , 'related_to'     , 0.84, 'approved'),
('azure-disk-encryption'      , 'os-disk'                    , 'secures'        , 0.96, 'approved'),
('azure-disk-encryption'      , 'data-disk'                  , 'secures'        , 0.96, 'approved'),
('host-encryption'            , 'virtual-machine'            , 'secures'        , 0.92, 'approved'),
('ssh-key'                    , 'virtual-machine'            , 'secures'        , 0.89, 'approved'),
('vm-managed-identity'        , 'virtual-machine'            , 'secures'        , 0.91, 'approved'),
('vm-image'                   , 'virtual-machine'            , 'prerequisite_for', 0.95, 'approved'),
('marketplace-image'          , 'vm-image'                   , 'belongs_to'     , 0.95, 'approved'),
('custom-image'               , 'vm-image'                   , 'belongs_to'     , 0.95, 'approved'),
('generalized-image'          , 'custom-image'               , 'belongs_to'     , 0.92, 'approved'),
('specialized-image'          , 'custom-image'               , 'belongs_to'     , 0.92, 'approved'),
('compute-gallery'            , 'vm-image'                   , 'contains'       , 0.94, 'approved'),
('compute-gallery'            , 'custom-image'               , 'contains'       , 0.90, 'approved'),
('compute-gallery'            , 'vmss'                       , 'related_to'     , 0.87, 'approved'),
('vmss'                       , 'vm-size'                    , 'depends_on'     , 0.97, 'approved'),
('vmss'                       , 'vm-image'                   , 'depends_on'     , 0.97, 'approved'),
('vmss'                       , 'network-interface'          , 'depends_on'     , 0.88, 'approved'),
('autoscale-setting'          , 'vmss'                       , 'depends_on'     , 1.00, 'approved'),
('health-extension'           , 'vmss'                       , 'monitors'       , 0.94, 'approved'),
('health-extension'           , 'virtual-machine'            , 'monitors'       , 0.80, 'approved'),
('automatic-repairs'          , 'health-extension'           , 'depends_on'     , 0.98, 'approved'),
('automatic-repairs'          , 'vmss'                       , 'depends_on'     , 0.97, 'approved'),
('flexible-orchestration'     , 'vmss'                       , 'belongs_to'     , 0.96, 'approved'),
('uniform-orchestration'      , 'vmss'                       , 'belongs_to'     , 0.96, 'approved'),
('flexible-orchestration'     , 'uniform-orchestration'      , 'alternative_to' , 0.91, 'approved'),
('autoscale-setting'          , 'health-extension'           , 'related_to'     , 0.76, 'approved'),
('maintenance-config'         , 'virtual-machine'            , 'attached_to'    , 0.88, 'approved'),
('maintenance-config'         , 'vmss'                       , 'attached_to'    , 0.84, 'approved'),
('scheduled-events'           , 'virtual-machine'            , 'monitors'       , 0.79, 'approved'),
('scheduled-events'           , 'spot-vm'                    , 'related_to'     , 0.86, 'approved'),
('vm-guest-patching'          , 'virtual-machine'            , 'secures'        , 0.82, 'approved'),
('vm-guest-patching'          , 'vmss'                       , 'secures'        , 0.78, 'approved'),
('vm-guest-patching'          , 'health-extension'           , 'depends_on'     , 0.74, 'approved'),
('hotpatch'                   , 'vm-guest-patching'          , 'related_to'     , 0.88, 'approved'),
('update-management'          , 'maintenance-config'         , 'depends_on'     , 0.84, 'approved'),
('update-management'          , 'virtual-machine'            , 'monitors'       , 0.86, 'approved'),
('update-management'          , 'vm-guest-patching'          , 'related_to'     , 0.90, 'approved'),
('boot-diagnostics'           , 'virtual-machine'            , 'monitors'       , 0.95, 'approved'),
('serial-console'             , 'boot-diagnostics'           , 'depends_on'     , 0.82, 'approved'),
('serial-console'             , 'virtual-machine'            , 'resolves_via'   , 0.80, 'approved'),
('run-command'                , 'virtual-machine'            , 'resolves_via'   , 0.90, 'approved'),
('run-command'                , 'vm-extension'               , 'related_to'     , 0.72, 'approved'),
('azure-monitor-agent'        , 'virtual-machine'            , 'attached_to'    , 0.93, 'approved'),
('azure-monitor-agent'        , 'vmss'                       , 'attached_to'    , 0.86, 'approved'),
('vm-insights'                , 'azure-monitor-agent'        , 'depends_on'     , 0.98, 'approved'),
('vm-insights'                , 'virtual-machine'            , 'monitors'       , 0.97, 'approved'),
('vm-insights'                , 'vmss'                       , 'monitors'       , 0.92, 'approved'),
('reserved-instance'          , 'virtual-machine'            , 'related_to'     , 0.82, 'approved'),
('spot-vm'                    , 'virtual-machine'            , 'alternative_to' , 0.78, 'approved'),
('spot-vm'                    , 'vmss'                       , 'related_to'     , 0.80, 'approved'),
('reserved-instance'          , 'spot-vm'                    , 'alternative_to' , 0.83, 'approved'),
('hybrid-benefit'             , 'virtual-machine'            , 'related_to'     , 0.86, 'approved'),
('hybrid-benefit'             , 'reserved-instance'          , 'related_to'     , 0.88, 'approved'),
('savings-plan'               , 'reserved-instance'          , 'alternative_to' , 0.84, 'approved'),
('savings-plan'               , 'virtual-machine'            , 'related_to'     , 0.80, 'approved'),
('vm-backup'                  , 'virtual-machine'            , 'secures'        , 0.95, 'approved'),
('vm-backup'                  , 'restore-point'              , 'related_to'     , 0.86, 'approved'),
('vm-snapshot'                , 'os-disk'                    , 'attached_to'    , 0.90, 'approved'),
('vm-snapshot'                , 'data-disk'                  , 'attached_to'    , 0.90, 'approved'),
('restore-point'              , 'virtual-machine'            , 'attached_to'    , 0.94, 'approved'),
('site-recovery'              , 'virtual-machine'            , 'secures'        , 0.96, 'approved'),
('site-recovery'              , 'restore-point'              , 'related_to'     , 0.72, 'approved'),
('vm-backup'                  , 'site-recovery'              , 'related_to'     , 0.78, 'approved'),
('vm-snapshot'                , 'vm-backup'                  , 'related_to'     , 0.81, 'approved'),
('trusted-launch'             , 'confidential-vm'            , 'related_to'     , 0.76, 'approved'),
('azure-disk-encryption'      , 'host-encryption'            , 'related_to'     , 0.75, 'approved'),
('marketplace-image'          , 'compute-gallery'            , 'related_to'     , 0.70, 'approved');

-- ─── Evidence ─────────────────────────────────────────────────────────────────
INSERT INTO evidence (node_id, excerpt, source_url, source_title, confidence_score, status) VALUES
('virtual-machine',
 'Azure virtual machines (VMs) are one of several types of on-demand, scalable computing resources that Azure offers.',
 'https://learn.microsoft.com/azure/virtual-machines/overview',
 'Overview of virtual machines in Azure - Azure Virtual Machines | Microsoft Learn',
 0.97, 'approved'),

('virtual-machine',
 'You choose a virtual machine when you need more control over the computing environment than other Azure compute choices offer.',
 'https://learn.microsoft.com/azure/virtual-machines/overview',
 'Overview of virtual machines in Azure - Azure Virtual Machines | Microsoft Learn',
 0.95, 'approved'),

('virtual-machine',
 'Creating a VM also creates supporting resources such as a NIC, IP configuration, and OS disk.',
 'https://learn.microsoft.com/azure/virtual-machines/overview',
 'Overview of virtual machines in Azure - Azure Virtual Machines | Microsoft Learn',
 0.93, 'approved'),

('virtual-machine',
 'You still maintain the guest operating system by configuring, patching, and installing software inside the VM.',
 'https://learn.microsoft.com/azure/virtual-machines/overview',
 'Overview of virtual machines in Azure - Azure Virtual Machines | Microsoft Learn',
 0.91, 'approved'),

('vmss',
 'Azure Virtual Machine Scale Sets let you create and manage a group of load balanced virtual machine instances.',
 'https://learn.microsoft.com/azure/virtual-machine-scale-sets/overview',
 'Azure Virtual Machine Scale Sets overview - Azure Virtual Machine Scale Sets | Microsoft Learn',
 0.97, 'approved'),

('vmss',
 'The number of VM instances can automatically increase or decrease in response to demand or a defined schedule.',
 'https://learn.microsoft.com/azure/virtual-machine-scale-sets/overview',
 'Azure Virtual Machine Scale Sets overview - Azure Virtual Machine Scale Sets | Microsoft Learn',
 0.95, 'approved'),

('vmss',
 'Scale sets provide high availability by distributing instances across availability zones or fault domains.',
 'https://learn.microsoft.com/azure/virtual-machine-scale-sets/overview',
 'Azure Virtual Machine Scale Sets overview - Azure Virtual Machine Scale Sets | Microsoft Learn',
 0.93, 'approved'),

('vmss',
 'Scale sets support standard marketplace images and custom images through Azure Compute Gallery.',
 'https://learn.microsoft.com/azure/virtual-machine-scale-sets/overview',
 'Azure Virtual Machine Scale Sets overview - Azure Virtual Machine Scale Sets | Microsoft Learn',
 0.91, 'approved'),

('availability-set',
 'An availability set is a logical grouping of VMs that allows Azure to understand how your application is built to provide for redundancy and availability.',
 'https://learn.microsoft.com/azure/virtual-machines/availability',
 'Availability options for Azure Virtual Machines - Azure Virtual Machines | Microsoft Learn',
 0.97, 'approved'),

('availability-set',
 'Microsoft recommends creating two or more VMs in an availability set for a highly available application.',
 'https://learn.microsoft.com/azure/virtual-machines/availability',
 'Availability options for Azure Virtual Machines - Azure Virtual Machines | Microsoft Learn',
 0.95, 'approved'),

('availability-set',
 'There is no cost for the availability set itself; you pay for the VM instances that you create.',
 'https://learn.microsoft.com/azure/virtual-machines/availability',
 'Availability options for Azure Virtual Machines - Azure Virtual Machines | Microsoft Learn',
 0.93, 'approved'),

('availability-set',
 'Availability sets coordinate fault domains and update domains so not all instances are affected together.',
 'https://learn.microsoft.com/azure/virtual-machines/availability',
 'Availability options for Azure Virtual Machines - Azure Virtual Machines | Microsoft Learn',
 0.91, 'approved'),

('availability-zone',
 'An Availability Zone is a physically separate zone within an Azure region.',
 'https://learn.microsoft.com/azure/virtual-machines/availability',
 'Availability options for Azure Virtual Machines - Azure Virtual Machines | Microsoft Learn',
 0.97, 'approved'),

('availability-zone',
 'Each Availability Zone has a distinct power source, network, and cooling.',
 'https://learn.microsoft.com/azure/virtual-machines/availability',
 'Availability options for Azure Virtual Machines - Azure Virtual Machines | Microsoft Learn',
 0.95, 'approved'),

('availability-zone',
 'Replicating VMs across zones protects apps and data from the loss of a datacenter.',
 'https://learn.microsoft.com/azure/virtual-machines/availability',
 'Availability options for Azure Virtual Machines - Azure Virtual Machines | Microsoft Learn',
 0.93, 'approved'),

('availability-zone',
 'Scale sets can deploy instances across multiple availability zones in the same region.',
 'https://learn.microsoft.com/azure/virtual-machines/availability',
 'Availability options for Azure Virtual Machines - Azure Virtual Machines | Microsoft Learn',
 0.91, 'approved'),

('proximity-placement-group',
 'A proximity placement group is used to place compute resources physically close together inside an Azure region.',
 'https://learn.microsoft.com/azure/virtual-machines/co-location',
 'Proximity placement groups for Azure VMs - Azure Virtual Machines | Microsoft Learn',
 0.97, 'approved'),

('proximity-placement-group',
 'Proximity placement groups are intended for workloads where low latency between VMs is a key requirement.',
 'https://learn.microsoft.com/azure/virtual-machines/co-location',
 'Proximity placement groups for Azure VMs - Azure Virtual Machines | Microsoft Learn',
 0.95, 'approved'),

('proximity-placement-group',
 'You can align single VMs, availability sets, or scale sets with a proximity placement group.',
 'https://learn.microsoft.com/azure/virtual-machines/co-location',
 'Proximity placement groups for Azure VMs - Azure Virtual Machines | Microsoft Learn',
 0.93, 'approved'),

('proximity-placement-group',
 'Placement affinity is best used for tightly coupled applications such as clustered or real-time workloads.',
 'https://learn.microsoft.com/azure/virtual-machines/co-location',
 'Proximity placement groups for Azure VMs - Azure Virtual Machines | Microsoft Learn',
 0.91, 'approved'),

('vm-size',
 'The size of the virtual machine determines factors such as processing power, memory, storage capacity, and network bandwidth.',
 'https://learn.microsoft.com/azure/virtual-machines/overview',
 'Overview of virtual machines in Azure - Azure Virtual Machines | Microsoft Learn',
 0.97, 'approved'),

('vm-size',
 'Azure offers a wide variety of VM sizes to support many different workload patterns.',
 'https://learn.microsoft.com/azure/virtual-machines/overview',
 'Overview of virtual machines in Azure - Azure Virtual Machines | Microsoft Learn',
 0.95, 'approved'),

('vm-size',
 'The selected size also affects limits such as the number of NICs that can be attached.',
 'https://learn.microsoft.com/azure/virtual-machines/overview',
 'Overview of virtual machines in Azure - Azure Virtual Machines | Microsoft Learn',
 0.93, 'approved'),

('vm-size',
 'Azure charges an hourly price based on the virtual machine size and operating system.',
 'https://learn.microsoft.com/azure/virtual-machines/overview',
 'Overview of virtual machines in Azure - Azure Virtual Machines | Microsoft Learn',
 0.91, 'approved'),

('os-disk',
 'All new virtual machines have an operating system disk and a local disk.',
 'https://learn.microsoft.com/azure/virtual-machines/overview',
 'Overview of virtual machines in Azure - Azure Virtual Machines | Microsoft Learn',
 0.97, 'approved'),

('os-disk',
 'The operating system disk is charged at the regular managed disk rate.',
 'https://learn.microsoft.com/azure/virtual-machines/overview',
 'Overview of virtual machines in Azure - Azure Virtual Machines | Microsoft Learn',
 0.95, 'approved'),

('os-disk',
 'The OS disk stores the bootable operating system for the VM.',
 'https://learn.microsoft.com/azure/virtual-machines/overview',
 'Overview of virtual machines in Azure - Azure Virtual Machines | Microsoft Learn',
 0.93, 'approved'),

('os-disk',
 'Disk type and size decisions for the OS disk affect boot and runtime behavior.',
 'https://learn.microsoft.com/azure/virtual-machines/overview',
 'Overview of virtual machines in Azure - Azure Virtual Machines | Microsoft Learn',
 0.91, 'approved'),

('data-disk',
 'It is a best practice to keep your data on a separate disk from your operating system.',
 'https://learn.microsoft.com/azure/virtual-machines/overview',
 'Overview of virtual machines in Azure - Azure Virtual Machines | Microsoft Learn',
 0.97, 'approved'),

('data-disk',
 'If a VM fails, you can detach the data disk and attach it to a new VM.',
 'https://learn.microsoft.com/azure/virtual-machines/overview',
 'Overview of virtual machines in Azure - Azure Virtual Machines | Microsoft Learn',
 0.95, 'approved'),

('data-disk',
 'Azure managed disks are the recommended way to add persistent data storage to VMs.',
 'https://learn.microsoft.com/azure/virtual-machines/overview',
 'Overview of virtual machines in Azure - Azure Virtual Machines | Microsoft Learn',
 0.93, 'approved'),

('data-disk',
 'Data disks are billed separately from compute and can use different performance tiers.',
 'https://learn.microsoft.com/azure/virtual-machines/overview',
 'Overview of virtual machines in Azure - Azure Virtual Machines | Microsoft Learn',
 0.91, 'approved'),

('temp-disk',
 'Some Azure VM sizes include local temporary ephemeral storage provisioned directly on the host.',
 'https://learn.microsoft.com/azure/virtual-machines/overview',
 'Overview of virtual machines in Azure - Azure Virtual Machines | Microsoft Learn',
 0.97, 'approved'),

('temp-disk',
 'Local temporary storage is best suited for caches, buffers, and temporary files that do not need to be retained permanently.',
 'https://learn.microsoft.com/azure/virtual-machines/overview',
 'Overview of virtual machines in Azure - Azure Virtual Machines | Microsoft Learn',
 0.95, 'approved'),

('temp-disk',
 'Data on temporary disks is lost when the VM is deallocated or deleted.',
 'https://learn.microsoft.com/azure/virtual-machines/overview',
 'Overview of virtual machines in Azure - Azure Virtual Machines | Microsoft Learn',
 0.93, 'approved'),

('temp-disk',
 'Temporary local disks provide high performance and do not count against remote disk IOPS and throughput limits.',
 'https://learn.microsoft.com/azure/virtual-machines/overview',
 'Overview of virtual machines in Azure - Azure Virtual Machines | Microsoft Learn',
 0.91, 'approved'),

('network-interface',
 'A virtual Network Interface Card connects the VM to a virtual network.',
 'https://learn.microsoft.com/azure/virtual-machines/overview',
 'Overview of virtual machines in Azure - Azure Virtual Machines | Microsoft Learn',
 0.97, 'approved'),

('network-interface',
 'There is no separate cost for NICs, but the number of NICs depends on the VM size.',
 'https://learn.microsoft.com/azure/virtual-machines/overview',
 'Overview of virtual machines in Azure - Azure Virtual Machines | Microsoft Learn',
 0.95, 'approved'),

('network-interface',
 'The NIC carries private IP configuration and can optionally associate public IP resources.',
 'https://learn.microsoft.com/azure/virtual-machines/overview',
 'Overview of virtual machines in Azure - Azure Virtual Machines | Microsoft Learn',
 0.93, 'approved'),

('network-interface',
 'Networking and security constructs such as NSGs are commonly applied around the NIC path.',
 'https://learn.microsoft.com/azure/virtual-machines/overview',
 'Overview of virtual machines in Azure - Azure Virtual Machines | Microsoft Learn',
 0.91, 'approved'),

('vm-extension',
 'Extensions are small applications that provide post-deployment configuration and automation on Azure virtual machines.',
 'https://learn.microsoft.com/azure/virtual-machines/extensions/overview',
 'Azure virtual machine extensions and features - Azure Virtual Machines | Microsoft Learn',
 0.97, 'approved'),

('vm-extension',
 'The Azure platform hosts many extensions covering configuration, monitoring, security, and utility scenarios.',
 'https://learn.microsoft.com/azure/virtual-machines/extensions/overview',
 'Azure virtual machine extensions and features - Azure Virtual Machines | Microsoft Learn',
 0.95, 'approved'),

('vm-extension',
 'Extensions can be managed through Azure CLI, PowerShell, ARM templates, and the Azure portal.',
 'https://learn.microsoft.com/azure/virtual-machines/extensions/overview',
 'Azure virtual machine extensions and features - Azure Virtual Machines | Microsoft Learn',
 0.93, 'approved'),

('vm-extension',
 'The extension lifecycle is managed outside the VM and integrated into the Azure platform.',
 'https://learn.microsoft.com/azure/virtual-machines/extensions/overview',
 'Azure virtual machine extensions and features - Azure Virtual Machines | Microsoft Learn',
 0.91, 'approved'),

('custom-script-ext',
 'The Custom Script Extension is available from the Extensions plus Applications experience for a VM.',
 'https://learn.microsoft.com/azure/virtual-machines/extensions/overview',
 'Azure virtual machine extensions and features - Azure Virtual Machines | Microsoft Learn',
 0.97, 'approved'),

('custom-script-ext',
 'You can pass a command or script to run through the Custom Script Extension.',
 'https://learn.microsoft.com/azure/virtual-machines/extensions/overview',
 'Azure virtual machine extensions and features - Azure Virtual Machines | Microsoft Learn',
 0.95, 'approved'),

('custom-script-ext',
 'Custom Script is commonly used to bootstrap packages, configuration, or one-time setup actions.',
 'https://learn.microsoft.com/azure/virtual-machines/extensions/overview',
 'Azure virtual machine extensions and features - Azure Virtual Machines | Microsoft Learn',
 0.93, 'approved'),

('custom-script-ext',
 'The extension lets operators configure a VM without manually connecting to it.',
 'https://learn.microsoft.com/azure/virtual-machines/extensions/overview',
 'Azure virtual machine extensions and features - Azure Virtual Machines | Microsoft Learn',
 0.91, 'approved'),

('vm-image',
 'Azure Compute Gallery helps you build structure and organization around Azure images.',
 'https://learn.microsoft.com/azure/virtual-machines/azure-compute-gallery',
 'Overview of Azure Compute Gallery - Azure Virtual Machines | Microsoft Learn',
 0.97, 'approved'),

('vm-image',
 'Images can be versioned, grouped, and replicated to multiple regions for scale.',
 'https://learn.microsoft.com/azure/virtual-machines/azure-compute-gallery',
 'Overview of Azure Compute Gallery - Azure Virtual Machines | Microsoft Learn',
 0.95, 'approved'),

('vm-image',
 'VM and scale set deployments can use image versions stored in a gallery.',
 'https://learn.microsoft.com/azure/virtual-machines/azure-compute-gallery',
 'Overview of Azure Compute Gallery - Azure Virtual Machines | Microsoft Learn',
 0.93, 'approved'),

('vm-image',
 'Images are a foundation for creating consistent fleets of virtual machines.',
 'https://learn.microsoft.com/azure/virtual-machines/azure-compute-gallery',
 'Overview of Azure Compute Gallery - Azure Virtual Machines | Microsoft Learn',
 0.91, 'approved'),

('compute-gallery',
 'Azure Compute Gallery helps you build structure and organization around Azure resources like images and applications.',
 'https://learn.microsoft.com/azure/virtual-machines/azure-compute-gallery',
 'Overview of Azure Compute Gallery - Azure Virtual Machines | Microsoft Learn',
 0.97, 'approved'),

('compute-gallery',
 'Compute Gallery provides global replication, versioning, and grouping of resources for easier management.',
 'https://learn.microsoft.com/azure/virtual-machines/azure-compute-gallery',
 'Overview of Azure Compute Gallery - Azure Virtual Machines | Microsoft Learn',
 0.95, 'approved'),

('compute-gallery',
 'With Compute Gallery, you can replicate resources to multiple regions for quicker scaling of deployments.',
 'https://learn.microsoft.com/azure/virtual-machines/azure-compute-gallery',
 'Overview of Azure Compute Gallery - Azure Virtual Machines | Microsoft Learn',
 0.93, 'approved'),

('compute-gallery',
 'Scale sets can deploy up to 1,000 VM instances by using gallery-backed images.',
 'https://learn.microsoft.com/azure/virtual-machines/azure-compute-gallery',
 'Overview of Azure Compute Gallery - Azure Virtual Machines | Microsoft Learn',
 0.91, 'approved'),

('vm-generation',
 'Generation 2 VMs support modern boot architecture and newer platform capabilities in Azure.',
 'https://learn.microsoft.com/azure/virtual-machines/generation-2',
 'Support for generation 2 VMs on Azure - Azure Virtual Machines | Microsoft Learn',
 0.97, 'approved'),

('vm-generation',
 'Generation 2 is required for several advanced security features including Trusted Launch.',
 'https://learn.microsoft.com/azure/virtual-machines/generation-2',
 'Support for generation 2 VMs on Azure - Azure Virtual Machines | Microsoft Learn',
 0.95, 'approved'),

('vm-generation',
 'VM generation affects supported images, boot model, and feature compatibility.',
 'https://learn.microsoft.com/azure/virtual-machines/generation-2',
 'Support for generation 2 VMs on Azure - Azure Virtual Machines | Microsoft Learn',
 0.93, 'approved'),

('vm-generation',
 'Azure documentation treats generation choice as an architectural decision for the VM image and deployment.',
 'https://learn.microsoft.com/azure/virtual-machines/generation-2',
 'Support for generation 2 VMs on Azure - Azure Virtual Machines | Microsoft Learn',
 0.91, 'approved'),

('marketplace-image',
 'Available distributions and operating system images can be found in Azure Marketplace.',
 'https://learn.microsoft.com/azure/virtual-machines/overview',
 'Overview of virtual machines in Azure - Azure Virtual Machines | Microsoft Learn',
 0.97, 'approved'),

('marketplace-image',
 'The portal, CLI, PowerShell, and REST APIs can list image publishers, offers, and SKUs.',
 'https://learn.microsoft.com/azure/virtual-machines/overview',
 'Overview of virtual machines in Azure - Azure Virtual Machines | Microsoft Learn',
 0.95, 'approved'),

('marketplace-image',
 'Marketplace images are updated and optimized for running on Azure.',
 'https://learn.microsoft.com/azure/virtual-machines/overview',
 'Overview of virtual machines in Azure - Azure Virtual Machines | Microsoft Learn',
 0.93, 'approved'),

('marketplace-image',
 'Scale sets support standard marketplace images for large fleet creation.',
 'https://learn.microsoft.com/azure/virtual-machines/overview',
 'Overview of virtual machines in Azure - Azure Virtual Machines | Microsoft Learn',
 0.91, 'approved'),

('custom-image',
 'A managed image lets you capture a generalized VM and use it to create multiple VMs.',
 'https://learn.microsoft.com/azure/virtual-machines/capture-image-resource',
 'Create a managed image of a generalized VM in Azure - Azure Virtual Machines | Microsoft Learn',
 0.97, 'approved'),

('custom-image',
 'Custom images help standardize the operating system and preinstalled software across deployments.',
 'https://learn.microsoft.com/azure/virtual-machines/capture-image-resource',
 'Create a managed image of a generalized VM in Azure - Azure Virtual Machines | Microsoft Learn',
 0.95, 'approved'),

('custom-image',
 'Customers create custom images to avoid repeating the same configuration steps for every VM.',
 'https://learn.microsoft.com/azure/virtual-machines/capture-image-resource',
 'Create a managed image of a generalized VM in Azure - Azure Virtual Machines | Microsoft Learn',
 0.93, 'approved'),

('custom-image',
 'Custom images can be distributed further by publishing them through Azure Compute Gallery.',
 'https://learn.microsoft.com/azure/virtual-machines/capture-image-resource',
 'Create a managed image of a generalized VM in Azure - Azure Virtual Machines | Microsoft Learn',
 0.91, 'approved'),

('generalized-image',
 'A generalized VM image removes machine-specific information before capture.',
 'https://learn.microsoft.com/azure/virtual-machines/capture-image-resource',
 'Create a managed image of a generalized VM in Azure - Azure Virtual Machines | Microsoft Learn',
 0.97, 'approved'),

('generalized-image',
 'Generalizing is used when the image will create multiple independent virtual machines.',
 'https://learn.microsoft.com/azure/virtual-machines/capture-image-resource',
 'Create a managed image of a generalized VM in Azure - Azure Virtual Machines | Microsoft Learn',
 0.95, 'approved'),

('generalized-image',
 'Managed image capture guidance focuses on generalized source VMs for broad reuse.',
 'https://learn.microsoft.com/azure/virtual-machines/capture-image-resource',
 'Create a managed image of a generalized VM in Azure - Azure Virtual Machines | Microsoft Learn',
 0.93, 'approved'),

('generalized-image',
 'Generalized images are a common input to gallery image definitions and versions.',
 'https://learn.microsoft.com/azure/virtual-machines/capture-image-resource',
 'Create a managed image of a generalized VM in Azure - Azure Virtual Machines | Microsoft Learn',
 0.91, 'approved'),

('specialized-image',
 'Azure Compute Gallery supports sharing specialized images as well as generalized images.',
 'https://learn.microsoft.com/azure/virtual-machines/shared-image-galleries',
 'Store and share images in Azure Compute Gallery - Azure Virtual Machines | Microsoft Learn',
 0.97, 'approved'),

('specialized-image',
 'Specialized images preserve the machine state from the source VM rather than removing identity information.',
 'https://learn.microsoft.com/azure/virtual-machines/shared-image-galleries',
 'Store and share images in Azure Compute Gallery - Azure Virtual Machines | Microsoft Learn',
 0.95, 'approved'),

('specialized-image',
 'Specialized images are useful when you want to clone a prepared machine without generalizing it.',
 'https://learn.microsoft.com/azure/virtual-machines/shared-image-galleries',
 'Store and share images in Azure Compute Gallery - Azure Virtual Machines | Microsoft Learn',
 0.93, 'approved'),

('specialized-image',
 'Gallery-based replication can distribute specialized image versions to target regions.',
 'https://learn.microsoft.com/azure/virtual-machines/shared-image-galleries',
 'Store and share images in Azure Compute Gallery - Azure Virtual Machines | Microsoft Learn',
 0.91, 'approved'),

('trusted-launch',
 'Azure offers Trusted Launch as a seamless way to improve the security of Generation 2 virtual machines.',
 'https://learn.microsoft.com/azure/virtual-machines/trusted-launch',
 'Trusted Launch for Azure VMs - Azure Virtual Machines | Microsoft Learn',
 0.97, 'approved'),

('trusted-launch',
 'Trusted Launch protects against advanced and persistent attack techniques.',
 'https://learn.microsoft.com/azure/virtual-machines/trusted-launch',
 'Trusted Launch for Azure VMs - Azure Virtual Machines | Microsoft Learn',
 0.95, 'approved'),

('trusted-launch',
 'Secure Boot and vTPM are core coordinated technologies within Trusted Launch.',
 'https://learn.microsoft.com/azure/virtual-machines/trusted-launch',
 'Trusted Launch for Azure VMs - Azure Virtual Machines | Microsoft Learn',
 0.93, 'approved'),

('trusted-launch',
 'Trusted Launch is the default state for newly created Azure Gen2 VMs and scale sets.',
 'https://learn.microsoft.com/azure/virtual-machines/trusted-launch',
 'Trusted Launch for Azure VMs - Azure Virtual Machines | Microsoft Learn',
 0.91, 'approved'),

('confidential-vm',
 'Azure confidential VMs offer strong security and confidentiality for tenants.',
 'https://learn.microsoft.com/azure/confidential-computing/confidential-vm-overview',
 'About Azure confidential VMs | Microsoft Learn',
 0.97, 'approved'),

('confidential-vm',
 'They create a hardware-enforced boundary between your application and the virtualization stack.',
 'https://learn.microsoft.com/azure/confidential-computing/confidential-vm-overview',
 'About Azure confidential VMs | Microsoft Learn',
 0.95, 'approved'),

('confidential-vm',
 'Confidential VMs support attestation, vTPM, and protected disk encryption flows.',
 'https://learn.microsoft.com/azure/confidential-computing/confidential-vm-overview',
 'About Azure confidential VMs | Microsoft Learn',
 0.93, 'approved'),

('confidential-vm',
 'They are intended for workloads with high security and confidentiality requirements.',
 'https://learn.microsoft.com/azure/confidential-computing/confidential-vm-overview',
 'About Azure confidential VMs | Microsoft Learn',
 0.91, 'approved'),

('azure-disk-encryption',
 'Azure Disk Encryption encrypts both OS and data disks for Azure virtual machines.',
 'https://learn.microsoft.com/azure/virtual-machines/disk-encryption-overview',
 'Azure Disk Encryption overview - Azure Virtual Machines | Microsoft Learn',
 0.97, 'approved'),

('azure-disk-encryption',
 'Azure Disk Encryption integrates with BitLocker encryption keys and Azure Key Vault.',
 'https://learn.microsoft.com/azure/virtual-machines/disk-encryption-overview',
 'Azure Disk Encryption overview - Azure Virtual Machines | Microsoft Learn',
 0.95, 'approved'),

('azure-disk-encryption',
 'Azure Backup supports managed Azure VMs encrypted with Azure Disk Encryption.',
 'https://learn.microsoft.com/azure/virtual-machines/disk-encryption-overview',
 'Azure Disk Encryption overview - Azure Virtual Machines | Microsoft Learn',
 0.93, 'approved'),

('azure-disk-encryption',
 'ADE is a VM-centric guest encryption option distinct from server-side storage encryption.',
 'https://learn.microsoft.com/azure/virtual-machines/disk-encryption-overview',
 'Azure Disk Encryption overview - Azure Virtual Machines | Microsoft Learn',
 0.91, 'approved'),

('host-encryption',
 'Encryption at host encrypts data before it flows to the storage service.',
 'https://learn.microsoft.com/azure/virtual-machines/disks-enable-host-based-encryption',
 'Encryption at host for Azure VMs - Azure Virtual Machines | Microsoft Learn',
 0.97, 'approved'),

('host-encryption',
 'The feature adds another layer of data-at-rest protection for Azure VMs and VM scale sets.',
 'https://learn.microsoft.com/azure/virtual-machines/disks-enable-host-based-encryption',
 'Encryption at host for Azure VMs - Azure Virtual Machines | Microsoft Learn',
 0.95, 'approved'),

('host-encryption',
 'Host-based encryption applies to temporary disks, ephemeral OS disks, and cached data paths.',
 'https://learn.microsoft.com/azure/virtual-machines/disks-enable-host-based-encryption',
 'Encryption at host for Azure VMs - Azure Virtual Machines | Microsoft Learn',
 0.93, 'approved'),

('host-encryption',
 'Encryption at host is configured on the compute side rather than inside the guest OS.',
 'https://learn.microsoft.com/azure/virtual-machines/disks-enable-host-based-encryption',
 'Encryption at host for Azure VMs - Azure Virtual Machines | Microsoft Learn',
 0.91, 'approved'),

('ssh-key',
 'Azure can create and store public and private SSH keys for a virtual machine.',
 'https://learn.microsoft.com/azure/virtual-machines/overview',
 'Overview of virtual machines in Azure - Azure Virtual Machines | Microsoft Learn',
 0.97, 'approved'),

('ssh-key',
 'Azure uses the public key in the VM and you use the private key when accessing the VM over SSH.',
 'https://learn.microsoft.com/azure/virtual-machines/overview',
 'Overview of virtual machines in Azure - Azure Virtual Machines | Microsoft Learn',
 0.95, 'approved'),

('ssh-key',
 'SSH keys provide a stronger administrative access pattern than password-only login.',
 'https://learn.microsoft.com/azure/virtual-machines/overview',
 'Overview of virtual machines in Azure - Azure Virtual Machines | Microsoft Learn',
 0.93, 'approved'),

('ssh-key',
 'Secure remote access planning is part of the VM creation decision process.',
 'https://learn.microsoft.com/azure/virtual-machines/overview',
 'Overview of virtual machines in Azure - Azure Virtual Machines | Microsoft Learn',
 0.91, 'approved'),

('vm-managed-identity',
 'Managed identities for Azure resources provide Azure services with an automatically managed identity in Microsoft Entra ID.',
 'https://learn.microsoft.com/entra/identity/managed-identities-azure-resources/how-to-configure-managed-identities',
 'Configure managed identities on Azure virtual machines (VMs)',
 0.97, 'approved'),

('vm-managed-identity',
 'You can use this identity to authenticate to any service that supports Microsoft Entra authentication without credentials in code.',
 'https://learn.microsoft.com/entra/identity/managed-identities-azure-resources/how-to-configure-managed-identities',
 'Configure managed identities on Azure virtual machines (VMs)',
 0.95, 'approved'),

('vm-managed-identity',
 'Azure VMs can enable system-assigned or user-assigned managed identities.',
 'https://learn.microsoft.com/entra/identity/managed-identities-azure-resources/how-to-configure-managed-identities',
 'Configure managed identities on Azure virtual machines (VMs)',
 0.93, 'approved'),

('vm-managed-identity',
 'Managed identity configuration on VMs is designed to replace embedded secrets and service principals.',
 'https://learn.microsoft.com/entra/identity/managed-identities-azure-resources/how-to-configure-managed-identities',
 'Configure managed identities on Azure virtual machines (VMs)',
 0.91, 'approved'),

('autoscale-setting',
 'Scale sets can automatically increase or decrease the number of VM instances in response to demand or a defined schedule.',
 'https://learn.microsoft.com/azure/virtual-machine-scale-sets/overview',
 'Azure Virtual Machine Scale Sets overview - Azure Virtual Machine Scale Sets | Microsoft Learn',
 0.97, 'approved'),

('autoscale-setting',
 'Autoscale helps reduce unnecessary VMs when demand is low.',
 'https://learn.microsoft.com/azure/virtual-machine-scale-sets/overview',
 'Azure Virtual Machine Scale Sets overview - Azure Virtual Machine Scale Sets | Microsoft Learn',
 0.95, 'approved'),

('autoscale-setting',
 'As demand increases, the scale set automatically adds more VMs to maintain acceptable performance.',
 'https://learn.microsoft.com/azure/virtual-machine-scale-sets/overview',
 'Azure Virtual Machine Scale Sets overview - Azure Virtual Machine Scale Sets | Microsoft Learn',
 0.93, 'approved'),

('autoscale-setting',
 'Autoscale is a core management capability for elastic VM-based applications.',
 'https://learn.microsoft.com/azure/virtual-machine-scale-sets/overview',
 'Azure Virtual Machine Scale Sets overview - Azure Virtual Machine Scale Sets | Microsoft Learn',
 0.91, 'approved'),

('health-extension',
 'Application Health extension reports whether an instance is healthy based on your configured probe endpoint.',
 'https://learn.microsoft.com/azure/virtual-machine-scale-sets/virtual-machine-scale-sets-health-extension',
 'Use Application Health extension with Virtual Machine Scale Sets | Microsoft Learn',
 0.97, 'approved'),

('health-extension',
 'Scale set features use application health to make decisions about availability and safe updates.',
 'https://learn.microsoft.com/azure/virtual-machine-scale-sets/virtual-machine-scale-sets-health-extension',
 'Use Application Health extension with Virtual Machine Scale Sets | Microsoft Learn',
 0.95, 'approved'),

('health-extension',
 'Health reporting is recommended for single VMs and required for some flexible scale set features.',
 'https://learn.microsoft.com/azure/virtual-machine-scale-sets/virtual-machine-scale-sets-health-extension',
 'Use Application Health extension with Virtual Machine Scale Sets | Microsoft Learn',
 0.93, 'approved'),

('health-extension',
 'The health extension provides the signal that automatic repairs and orchestration actions rely on.',
 'https://learn.microsoft.com/azure/virtual-machine-scale-sets/virtual-machine-scale-sets-health-extension',
 'Use Application Health extension with Virtual Machine Scale Sets | Microsoft Learn',
 0.91, 'approved'),

('automatic-repairs',
 'Automatic instance repairs helps maintain application availability by repairing unhealthy VMSS instances.',
 'https://learn.microsoft.com/azure/virtual-machine-scale-sets/virtual-machine-scale-sets-automatic-instance-repairs',
 'Automatic instance repairs for Azure Virtual Machine Scale Sets | Microsoft Learn',
 0.97, 'approved'),

('automatic-repairs',
 'The feature relies on application health signals to determine when an instance is unhealthy.',
 'https://learn.microsoft.com/azure/virtual-machine-scale-sets/virtual-machine-scale-sets-automatic-instance-repairs',
 'Automatic instance repairs for Azure Virtual Machine Scale Sets | Microsoft Learn',
 0.95, 'approved'),

('automatic-repairs',
 'Repairs can reimage, redeploy, or replace instances depending on configuration and platform behavior.',
 'https://learn.microsoft.com/azure/virtual-machine-scale-sets/virtual-machine-scale-sets-automatic-instance-repairs',
 'Automatic instance repairs for Azure Virtual Machine Scale Sets | Microsoft Learn',
 0.93, 'approved'),

('automatic-repairs',
 'Automatic repairs reduces manual intervention in large VMSS fleets.',
 'https://learn.microsoft.com/azure/virtual-machine-scale-sets/virtual-machine-scale-sets-automatic-instance-repairs',
 'Automatic instance repairs for Azure Virtual Machine Scale Sets | Microsoft Learn',
 0.91, 'approved'),

('flexible-orchestration',
 'With Flexible orchestration, Azure provides a unified experience across the Azure VM ecosystem.',
 'https://learn.microsoft.com/azure/virtual-machine-scale-sets/overview',
 'Azure Virtual Machine Scale Sets overview - Azure Virtual Machine Scale Sets | Microsoft Learn',
 0.97, 'approved'),

('flexible-orchestration',
 'Flexible orchestration offers high availability guarantees by spreading VMs across fault domains or zones.',
 'https://learn.microsoft.com/azure/virtual-machine-scale-sets/overview',
 'Azure Virtual Machine Scale Sets overview - Azure Virtual Machine Scale Sets | Microsoft Learn',
 0.95, 'approved'),

('flexible-orchestration',
 'It supports workloads that want to mix Spot and on-demand VMs together.',
 'https://learn.microsoft.com/azure/virtual-machine-scale-sets/overview',
 'Azure Virtual Machine Scale Sets overview - Azure Virtual Machine Scale Sets | Microsoft Learn',
 0.93, 'approved'),

('flexible-orchestration',
 'Flexible mode is suited for stateful applications and existing availability set style workloads.',
 'https://learn.microsoft.com/azure/virtual-machine-scale-sets/overview',
 'Azure Virtual Machine Scale Sets overview - Azure Virtual Machine Scale Sets | Microsoft Learn',
 0.91, 'approved'),

('uniform-orchestration',
 'Uniform orchestration is designed for large-scale, identical VM instances managed as a single scale set.',
 'https://learn.microsoft.com/azure/virtual-machine-scale-sets/virtual-machine-scale-sets-orchestration-modes',
 'Orchestration modes for Azure Virtual Machine Scale Sets | Microsoft Learn',
 0.97, 'approved'),

('uniform-orchestration',
 'Uniform mode emphasizes consistent model-based operations across the fleet.',
 'https://learn.microsoft.com/azure/virtual-machine-scale-sets/virtual-machine-scale-sets-orchestration-modes',
 'Orchestration modes for Azure Virtual Machine Scale Sets | Microsoft Learn',
 0.95, 'approved'),

('uniform-orchestration',
 'Some storage and update behaviors have specific limits or formulas when used with Uniform scale sets.',
 'https://learn.microsoft.com/azure/virtual-machine-scale-sets/virtual-machine-scale-sets-orchestration-modes',
 'Orchestration modes for Azure Virtual Machine Scale Sets | Microsoft Learn',
 0.93, 'approved'),

('uniform-orchestration',
 'Choosing orchestration mode is a creation-time decision that cannot be changed later.',
 'https://learn.microsoft.com/azure/virtual-machine-scale-sets/virtual-machine-scale-sets-orchestration-modes',
 'Orchestration modes for Azure Virtual Machine Scale Sets | Microsoft Learn',
 0.91, 'approved'),

('maintenance-config',
 'Maintenance Configurations lets you control and manage updates for many Azure VM resources.',
 'https://learn.microsoft.com/azure/virtual-machines/maintenance-configurations',
 'Overview of Maintenance Configurations for Azure virtual machines - Azure Virtual Machines | Microsoft Learn',
 0.97, 'approved'),

('maintenance-config',
 'The feature supports host, OS image, and guest scopes with different supported resources.',
 'https://learn.microsoft.com/azure/virtual-machines/maintenance-configurations',
 'Overview of Maintenance Configurations for Azure virtual machines - Azure Virtual Machines | Microsoft Learn',
 0.95, 'approved'),

('maintenance-config',
 'Guest scope integrates with Azure Update Manager for recurring update schedules.',
 'https://learn.microsoft.com/azure/virtual-machines/maintenance-configurations',
 'Overview of Maintenance Configurations for Azure virtual machines - Azure Virtual Machines | Microsoft Learn',
 0.93, 'approved'),

('maintenance-config',
 'Maintenance windows are used when sensitive workloads cannot tolerate unexpected platform maintenance timing.',
 'https://learn.microsoft.com/azure/virtual-machines/maintenance-configurations',
 'Overview of Maintenance Configurations for Azure virtual machines - Azure Virtual Machines | Microsoft Learn',
 0.91, 'approved'),

('scheduled-events',
 'Scheduled Events is an Azure Metadata Service that gives your application time to prepare for virtual machine maintenance.',
 'https://learn.microsoft.com/azure/virtual-machines/windows/scheduled-events',
 'Scheduled Events for Windows VMs in Azure - Azure Virtual Machines | Microsoft Learn',
 0.97, 'approved'),

('scheduled-events',
 'It provides information about upcoming maintenance events such as reboot so your application can prepare for them.',
 'https://learn.microsoft.com/azure/virtual-machines/windows/scheduled-events',
 'Scheduled Events for Windows VMs in Azure - Azure Virtual Machines | Microsoft Learn',
 0.95, 'approved'),

('scheduled-events',
 'Applications can use the notice period for tasks such as checkpointing, connection draining, or graceful shutdown.',
 'https://learn.microsoft.com/azure/virtual-machines/windows/scheduled-events',
 'Scheduled Events for Windows VMs in Azure - Azure Virtual Machines | Microsoft Learn',
 0.93, 'approved'),

('scheduled-events',
 'Spot VM and Spot scale set evictions are exposed through Scheduled Events as preempt notifications.',
 'https://learn.microsoft.com/azure/virtual-machines/windows/scheduled-events',
 'Scheduled Events for Windows VMs in Azure - Azure Virtual Machines | Microsoft Learn',
 0.91, 'approved'),

('vm-guest-patching',
 'Enabling automatic guest patching helps ease update management by safely and automatically patching virtual machines.',
 'https://learn.microsoft.com/azure/virtual-machines/automatic-vm-guest-patching',
 'Automatic Guest Patching for Azure Virtual Machines and Scale Sets - Azure Virtual Machines | Microsoft Learn',
 0.97, 'approved'),

('vm-guest-patching',
 'Critical and Security patches are automatically downloaded and applied on the VM.',
 'https://learn.microsoft.com/azure/virtual-machines/automatic-vm-guest-patching',
 'Automatic Guest Patching for Azure Virtual Machines and Scale Sets - Azure Virtual Machines | Microsoft Learn',
 0.95, 'approved'),

('vm-guest-patching',
 'Azure manages the patch orchestration and follows availability-first principles.',
 'https://learn.microsoft.com/azure/virtual-machines/automatic-vm-guest-patching',
 'Automatic Guest Patching for Azure Virtual Machines and Scale Sets - Azure Virtual Machines | Microsoft Learn',
 0.93, 'approved'),

('vm-guest-patching',
 'Application health can be monitored through the Application Health extension during patching.',
 'https://learn.microsoft.com/azure/virtual-machines/automatic-vm-guest-patching',
 'Automatic Guest Patching for Azure Virtual Machines and Scale Sets - Azure Virtual Machines | Microsoft Learn',
 0.91, 'approved'),

('hotpatch',
 'Azure Update Manager highlights hotpatching as a way to apply critical updates to Azure VMs without requiring a restart.',
 'https://learn.microsoft.com/azure/update-manager/overview',
 'Azure Update Manager Overview | Microsoft Learn',
 0.97, 'approved'),

('hotpatch',
 'Hotpatch is intended to minimize downtime while keeping machines compliant.',
 'https://learn.microsoft.com/azure/update-manager/overview',
 'Azure Update Manager Overview | Microsoft Learn',
 0.95, 'approved'),

('hotpatch',
 'Hotpatch is part of a broader update management strategy for supported Windows images.',
 'https://learn.microsoft.com/azure/update-manager/overview',
 'Azure Update Manager Overview | Microsoft Learn',
 0.93, 'approved'),

('hotpatch',
 'Update Manager positions hotpatch alongside automatic guest patching and scheduled maintenance windows.',
 'https://learn.microsoft.com/azure/update-manager/overview',
 'Azure Update Manager Overview | Microsoft Learn',
 0.91, 'approved'),

('update-management',
 'Azure Update Manager is a unified service to help manage and govern updates for machines that run a server operating system.',
 'https://learn.microsoft.com/azure/update-manager/overview',
 'Azure Update Manager Overview | Microsoft Learn',
 0.97, 'approved'),

('update-management',
 'It can monitor Windows and Linux update compliance across machines in Azure, on-premises, or other clouds from a single pane.',
 'https://learn.microsoft.com/azure/update-manager/overview',
 'Azure Update Manager Overview | Microsoft Learn',
 0.95, 'approved'),

('update-management',
 'Update Manager can apply updates in real time or schedule updates within a defined maintenance window.',
 'https://learn.microsoft.com/azure/update-manager/overview',
 'Azure Update Manager Overview | Microsoft Learn',
 0.93, 'approved'),

('update-management',
 'The service includes patching options such as automatic guest patching, hotpatching, and periodic assessment.',
 'https://learn.microsoft.com/azure/update-manager/overview',
 'Azure Update Manager Overview | Microsoft Learn',
 0.91, 'approved'),

('boot-diagnostics',
 'Boot diagnostics is a debugging feature for Azure virtual machines that allows diagnosis of VM boot failures.',
 'https://learn.microsoft.com/azure/virtual-machines/boot-diagnostics',
 'Azure boot diagnostics - Azure Virtual Machines | Microsoft Learn',
 0.97, 'approved'),

('boot-diagnostics',
 'It enables a user to observe the state of a VM as it boots by collecting serial log information and screenshots.',
 'https://learn.microsoft.com/azure/virtual-machines/boot-diagnostics',
 'Azure boot diagnostics - Azure Virtual Machines | Microsoft Learn',
 0.95, 'approved'),

('boot-diagnostics',
 'Managed boot diagnostics is the recommended experience because it simplifies storage handling.',
 'https://learn.microsoft.com/azure/virtual-machines/boot-diagnostics',
 'Azure boot diagnostics - Azure Virtual Machines | Microsoft Learn',
 0.93, 'approved'),

('boot-diagnostics',
 'Boot diagnostics data helps operators inspect startup state without logging in to the guest.',
 'https://learn.microsoft.com/azure/virtual-machines/boot-diagnostics',
 'Azure boot diagnostics - Azure Virtual Machines | Microsoft Learn',
 0.91, 'approved'),

('vm-insights',
 'VM insights provides a quick and easy method for getting started monitoring workloads on virtual machines and virtual machine scale sets.',
 'https://learn.microsoft.com/azure/azure-monitor/vm/vminsights-overview',
 'Monitor virtual machines in Azure - Azure Monitor | Microsoft Learn',
 0.97, 'approved'),

('vm-insights',
 'It monitors performance by collecting data on running processes and dependencies on other resources.',
 'https://learn.microsoft.com/azure/azure-monitor/vm/vminsights-overview',
 'Monitor virtual machines in Azure - Azure Monitor | Microsoft Learn',
 0.95, 'approved'),

('vm-insights',
 'VM insights supports Azure VMs, VMSS, on-premises machines, and other cloud VMs connected through Azure Arc.',
 'https://learn.microsoft.com/azure/azure-monitor/vm/vminsights-overview',
 'Monitor virtual machines in Azure - Azure Monitor | Microsoft Learn',
 0.93, 'approved'),

('vm-insights',
 'The experience uses predefined workbooks to analyze performance data over time.',
 'https://learn.microsoft.com/azure/azure-monitor/vm/vminsights-overview',
 'Monitor virtual machines in Azure - Azure Monitor | Microsoft Learn',
 0.91, 'approved'),

('azure-monitor-agent',
 'When you enable VM insights, Azure Monitor installs the Azure Monitor agent on the machine.',
 'https://learn.microsoft.com/azure/azure-monitor/vm/vminsights-enable',
 'Enable VM Insights - Azure Monitor | Microsoft Learn',
 0.97, 'approved'),

('azure-monitor-agent',
 'The Azure Monitor agent collects data from the machine and delivers it to a Log Analytics workspace.',
 'https://learn.microsoft.com/azure/azure-monitor/vm/vminsights-enable',
 'Enable VM Insights - Azure Monitor | Microsoft Learn',
 0.95, 'approved'),

('azure-monitor-agent',
 'Data collection rules specify what Azure Monitor agent should collect and how it is processed.',
 'https://learn.microsoft.com/azure/azure-monitor/vm/vminsights-enable',
 'Enable VM Insights - Azure Monitor | Microsoft Learn',
 0.93, 'approved'),

('azure-monitor-agent',
 'Agent-based guest telemetry is what lights up enhanced monitoring for virtual machines.',
 'https://learn.microsoft.com/azure/azure-monitor/vm/vminsights-enable',
 'Enable VM Insights - Azure Monitor | Microsoft Learn',
 0.91, 'approved'),

('serial-console',
 'Azure Serial Console provides text-based console access to a virtual machine through the Azure portal experience.',
 'https://learn.microsoft.com/troubleshoot/azure/virtual-machines/windows/serial-console-overview',
 'Azure Serial Console for Windows | Microsoft Learn',
 0.97, 'approved'),

('serial-console',
 'It is used when normal remote access methods such as RDP or SSH are unavailable.',
 'https://learn.microsoft.com/troubleshoot/azure/virtual-machines/windows/serial-console-overview',
 'Azure Serial Console for Windows | Microsoft Learn',
 0.95, 'approved'),

('serial-console',
 'Serial Console is especially valuable for boot problems, misconfiguration, or networking issues inside the guest.',
 'https://learn.microsoft.com/troubleshoot/azure/virtual-machines/windows/serial-console-overview',
 'Azure Serial Console for Windows | Microsoft Learn',
 0.93, 'approved'),

('serial-console',
 'The feature works alongside boot diagnostics and serial log data for recovery scenarios.',
 'https://learn.microsoft.com/troubleshoot/azure/virtual-machines/windows/serial-console-overview',
 'Azure Serial Console for Windows | Microsoft Learn',
 0.91, 'approved'),

('run-command',
 'Run Command uses the virtual machine agent to run scripts within an Azure Windows or Linux VM.',
 'https://learn.microsoft.com/azure/virtual-machines/run-command-overview',
 'Run scripts in a Windows or Linux VM in Azure with Run Command - Azure Virtual Machines | Microsoft Learn',
 0.97, 'approved'),

('run-command',
 'These scripts can help diagnose and remediate VM access and network issues.',
 'https://learn.microsoft.com/azure/virtual-machines/run-command-overview',
 'Run scripts in a Windows or Linux VM in Azure with Run Command - Azure Virtual Machines | Microsoft Learn',
 0.95, 'approved'),

('run-command',
 'Action Run Command is suited for one-time diagnostics while Managed Run Command supports deployment and recurring execution scenarios.',
 'https://learn.microsoft.com/azure/virtual-machines/run-command-overview',
 'Run scripts in a Windows or Linux VM in Azure with Run Command - Azure Virtual Machines | Microsoft Learn',
 0.93, 'approved'),

('run-command',
 'Run Command gives operators a management path when direct interactive access is limited.',
 'https://learn.microsoft.com/azure/virtual-machines/run-command-overview',
 'Run scripts in a Windows or Linux VM in Azure with Run Command - Azure Virtual Machines | Microsoft Learn',
 0.91, 'approved'),

('reserved-instance',
 'Reserved VM Instances let you prepay for Azure virtual machine compute capacity to reduce cost.',
 'https://learn.microsoft.com/azure/cost-management-billing/reservations/prepay-virtual-machines-reserved-instances',
 'Prepay for Azure virtual machine resources with Reserved VM Instances | Microsoft Learn',
 0.97, 'approved'),

('reserved-instance',
 'Reservations are best suited for steady-state workloads with predictable usage.',
 'https://learn.microsoft.com/azure/cost-management-billing/reservations/prepay-virtual-machines-reserved-instances',
 'Prepay for Azure virtual machine resources with Reserved VM Instances | Microsoft Learn',
 0.95, 'approved'),

('reserved-instance',
 'Reservation discounts apply to matching VM usage instead of changing the way you deploy the VM.',
 'https://learn.microsoft.com/azure/cost-management-billing/reservations/prepay-virtual-machines-reserved-instances',
 'Prepay for Azure virtual machine resources with Reserved VM Instances | Microsoft Learn',
 0.93, 'approved'),

('reserved-instance',
 'Reserved capacity is a cost optimization option that complements operational sizing decisions.',
 'https://learn.microsoft.com/azure/cost-management-billing/reservations/prepay-virtual-machines-reserved-instances',
 'Prepay for Azure virtual machine resources with Reserved VM Instances | Microsoft Learn',
 0.91, 'approved'),

('spot-vm',
 'Spot Virtual Machines let you take advantage of unused Azure capacity at a significant cost discount.',
 'https://learn.microsoft.com/azure/virtual-machines/spot-vms',
 'Spot Virtual Machines - Azure Virtual Machines | Microsoft Learn',
 0.97, 'approved'),

('spot-vm',
 'Spot VMs are suitable for workloads that can tolerate interruptions or evictions.',
 'https://learn.microsoft.com/azure/virtual-machines/spot-vms',
 'Spot Virtual Machines - Azure Virtual Machines | Microsoft Learn',
 0.95, 'approved'),

('spot-vm',
 'Eviction events are surfaced through Scheduled Events so applications can prepare.',
 'https://learn.microsoft.com/azure/virtual-machines/spot-vms',
 'Spot Virtual Machines - Azure Virtual Machines | Microsoft Learn',
 0.93, 'approved'),

('spot-vm',
 'Flexible scale sets can mix Spot and on-demand VMs in the same deployment.',
 'https://learn.microsoft.com/azure/virtual-machines/spot-vms',
 'Spot Virtual Machines - Azure Virtual Machines | Microsoft Learn',
 0.91, 'approved'),

('hybrid-benefit',
 'Azure Hybrid Benefit helps reduce the cost of running workloads in Azure by using existing eligible licenses.',
 'https://learn.microsoft.com/azure/virtual-machines/windows/hybrid-use-benefit-licensing',
 'Azure Hybrid Benefit for Windows Server',
 0.97, 'approved'),

('hybrid-benefit',
 'For Windows Server, the benefit changes the licensing cost component of the virtual machine.',
 'https://learn.microsoft.com/azure/virtual-machines/windows/hybrid-use-benefit-licensing',
 'Azure Hybrid Benefit for Windows Server',
 0.95, 'approved'),

('hybrid-benefit',
 'Hybrid Benefit is commonly combined with reserved capacity or other purchasing strategies.',
 'https://learn.microsoft.com/azure/virtual-machines/windows/hybrid-use-benefit-licensing',
 'Azure Hybrid Benefit for Windows Server',
 0.93, 'approved'),

('hybrid-benefit',
 'The benefit is applied to supported VM deployments rather than changing the VM resource model itself.',
 'https://learn.microsoft.com/azure/virtual-machines/windows/hybrid-use-benefit-licensing',
 'Azure Hybrid Benefit for Windows Server',
 0.91, 'approved'),

('savings-plan',
 'Azure savings plan for compute offers discounted pricing in exchange for a consistent hourly spend commitment.',
 'https://learn.microsoft.com/azure/cost-management-billing/savings-plan/savings-plan-compute-overview',
 'Azure savings plan for compute overview | Microsoft Learn',
 0.97, 'approved'),

('savings-plan',
 'The model is designed to be more flexible than a single instance-size reservation.',
 'https://learn.microsoft.com/azure/cost-management-billing/savings-plan/savings-plan-compute-overview',
 'Azure savings plan for compute overview | Microsoft Learn',
 0.95, 'approved'),

('savings-plan',
 'Savings plan coverage can apply across eligible compute services including virtual machines.',
 'https://learn.microsoft.com/azure/cost-management-billing/savings-plan/savings-plan-compute-overview',
 'Azure savings plan for compute overview | Microsoft Learn',
 0.93, 'approved'),

('savings-plan',
 'Savings plans are useful when workload shape changes but overall compute spend stays predictable.',
 'https://learn.microsoft.com/azure/cost-management-billing/savings-plan/savings-plan-compute-overview',
 'Azure savings plan for compute overview | Microsoft Learn',
 0.91, 'approved'),

('vm-backup',
 'Azure Backup provides independent and isolated backups to guard against unintended destruction of VM data.',
 'https://learn.microsoft.com/azure/backup/backup-azure-vms-introduction',
 'About Azure VM backup - Azure Backup | Microsoft Learn',
 0.97, 'approved'),

('vm-backup',
 'Backups are stored in a Recovery Services vault with built-in management of recovery points.',
 'https://learn.microsoft.com/azure/backup/backup-azure-vms-introduction',
 'About Azure VM backup - Azure Backup | Microsoft Learn',
 0.95, 'approved'),

('vm-backup',
 'As part of the backup process, a snapshot is taken and data is transferred to the vault with no impact on production workloads.',
 'https://learn.microsoft.com/azure/backup/backup-azure-vms-introduction',
 'About Azure VM backup - Azure Backup | Microsoft Learn',
 0.93, 'approved'),

('vm-backup',
 'Backup supports app-consistent, file-consistent, and crash-consistent protection models for Azure VMs.',
 'https://learn.microsoft.com/azure/backup/backup-azure-vms-introduction',
 'About Azure VM backup - Azure Backup | Microsoft Learn',
 0.91, 'approved'),

('site-recovery',
 'Azure Site Recovery contributes to business continuity and disaster recovery by keeping applications online during outages.',
 'https://learn.microsoft.com/azure/site-recovery/azure-to-azure-quickstart',
 'Set up Azure VM disaster recovery to a secondary region with Azure Site Recovery - Azure Site Recovery | Microsoft Learn',
 0.97, 'approved'),

('site-recovery',
 'Site Recovery manages disaster recovery of Azure virtual machines including replication, failover, and recovery.',
 'https://learn.microsoft.com/azure/site-recovery/azure-to-azure-quickstart',
 'Set up Azure VM disaster recovery to a secondary region with Azure Site Recovery - Azure Site Recovery | Microsoft Learn',
 0.95, 'approved'),

('site-recovery',
 'You can set up disaster recovery for an Azure VM by replicating it to a secondary Azure region.',
 'https://learn.microsoft.com/azure/site-recovery/azure-to-azure-quickstart',
 'Set up Azure VM disaster recovery to a secondary region with Azure Site Recovery - Azure Site Recovery | Microsoft Learn',
 0.93, 'approved'),

('site-recovery',
 'The service includes test failover and failback workflows as part of regional resilience planning.',
 'https://learn.microsoft.com/azure/site-recovery/azure-to-azure-quickstart',
 'Set up Azure VM disaster recovery to a secondary region with Azure Site Recovery - Azure Site Recovery | Microsoft Learn',
 0.91, 'approved'),

('restore-point',
 'Restore points provide a way to capture the state of VM disks at a point in time.',
 'https://learn.microsoft.com/azure/virtual-machines/virtual-machines-restore-points',
 'Restore points for Azure virtual machines | Microsoft Learn',
 0.97, 'approved'),

('restore-point',
 'A restore point can be used to create new managed disks from the captured OS and data disk state.',
 'https://learn.microsoft.com/azure/virtual-machines/virtual-machines-restore-points',
 'Restore points for Azure virtual machines | Microsoft Learn',
 0.95, 'approved'),

('restore-point',
 'Restore point collections organize restore points for a virtual machine.',
 'https://learn.microsoft.com/azure/virtual-machines/virtual-machines-restore-points',
 'Restore points for Azure virtual machines | Microsoft Learn',
 0.93, 'approved'),

('restore-point',
 'Restore points are useful for backup-adjacent and change-management recovery scenarios.',
 'https://learn.microsoft.com/azure/virtual-machines/virtual-machines-restore-points',
 'Restore points for Azure virtual machines | Microsoft Learn',
 0.91, 'approved'),

('vm-snapshot',
 'A snapshot is a full read-only copy of a managed disk that is stored as a standard managed disk.',
 'https://learn.microsoft.com/azure/virtual-machines/snapshot-copy-managed-disk',
 'Create a snapshot of a virtual hard disk - Azure Virtual Machines | Microsoft Learn',
 0.97, 'approved'),

('vm-snapshot',
 'Snapshots are billed based on the size used rather than the provisioned size of the source disk.',
 'https://learn.microsoft.com/azure/virtual-machines/snapshot-copy-managed-disk',
 'Create a snapshot of a virtual hard disk - Azure Virtual Machines | Microsoft Learn',
 0.95, 'approved'),

('vm-snapshot',
 'Operators use snapshots to preserve disk state for backup, restore, and rollback scenarios.',
 'https://learn.microsoft.com/azure/virtual-machines/snapshot-copy-managed-disk',
 'Create a snapshot of a virtual hard disk - Azure Virtual Machines | Microsoft Learn',
 0.93, 'approved'),

('vm-snapshot',
 'Snapshot-based protection is a building block used by several broader VM recovery workflows.',
 'https://learn.microsoft.com/azure/virtual-machines/snapshot-copy-managed-disk',
 'Create a snapshot of a virtual hard disk - Azure Virtual Machines | Microsoft Learn',
 0.91, 'approved');

-- ─── Journeys ─────────────────────────────────────────────────────────────────
INSERT INTO journeys (journey_id, domain_id, title, description, status) VALUES
('journey-vm-creation-basics', 'compute', 'VM creation basics', 'Choose an image, size, storage, and network path for a first Azure VM.', 'approved'),
('journey-high-availability', 'compute', 'High availability design', 'Distribute VM instances to reduce correlated failure domains.', 'approved'),
('journey-vmss-autoscale', 'compute', 'VMSS autoscale setup', 'Build an elastic fleet that scales out safely under load.', 'approved'),
('journey-security-hardening', 'compute', 'Security hardening', 'Apply modern VM security controls before production rollout.', 'approved'),
('journey-cost-optimization', 'compute', 'Cost optimization', 'Match purchasing and capacity options to workload volatility.', 'approved'),
('journey-backup-dr', 'compute', 'Backup and disaster recovery', 'Protect VM state against deletion, corruption, and regional outage.', 'approved'),
('journey-monitoring-diagnostics', 'compute', 'VM monitoring and diagnostics', 'Enable the observability and break-glass tools needed for production support.', 'approved'),
('journey-patching-maintenance', 'compute', 'Patching and maintenance control', 'Coordinate update timing, health checks, and restart strategy for VM fleets.', 'approved');

-- ─── Journey Steps ────────────────────────────────────────────────────────────
INSERT INTO journey_steps (journey_id, node_id, step_order, narrative) VALUES
('journey-vm-creation-basics', 'marketplace-image', 1, 'Start from a supported Marketplace image to get a maintained base operating system.'),
('journey-vm-creation-basics', 'vm-size', 2, 'Select CPU, memory, and network characteristics that fit the workload envelope.'),
('journey-vm-creation-basics', 'os-disk', 3, 'Provision the OS disk and decide whether additional data disks are needed.'),
('journey-vm-creation-basics', 'network-interface', 4, 'Attach a NIC so the VM can join the target subnet and IP configuration.'),
('journey-vm-creation-basics', 'virtual-machine', 5, 'Create the VM and validate that the guest boots with the expected configuration.'),
('journey-high-availability', 'availability-zone', 1, 'Use zones when the region supports physically separate datacenter placement.'),
('journey-high-availability', 'availability-set', 2, 'For regional deployments, group multiple VMs to spread update and fault domains.'),
('journey-high-availability', 'proximity-placement-group', 3, 'Optionally keep latency-sensitive tiers physically close while preserving resiliency choices.'),
('journey-high-availability', 'virtual-machine', 4, 'Deploy multiple VM instances behind the application architecture rather than relying on one host.'),
('journey-vmss-autoscale', 'compute-gallery', 1, 'Publish a reusable image so every instance starts from the same tested baseline.'),
('journey-vmss-autoscale', 'vmss', 2, 'Create a scale set to manage a fleet of identical or near-identical VM instances.'),
('journey-vmss-autoscale', 'flexible-orchestration', 3, 'Choose flexible orchestration when you need stronger per-instance control or mixed capacity types.'),
('journey-vmss-autoscale', 'health-extension', 4, 'Emit health signals so Azure can tell whether instances are ready and healthy.'),
('journey-vmss-autoscale', 'autoscale-setting', 5, 'Add metric or schedule rules so the fleet grows and shrinks automatically.'),
('journey-security-hardening', 'vm-generation', 1, 'Confirm the image and deployment use Generation 2 capabilities.'),
('journey-security-hardening', 'trusted-launch', 2, 'Enable secure boot and vTPM through Trusted Launch for boot integrity.'),
('journey-security-hardening', 'azure-disk-encryption', 3, 'Protect OS and data disks with guest-side encryption where required.'),
('journey-security-hardening', 'host-encryption', 4, 'Add encryption at host for cached, temp, and storage-path data protection.'),
('journey-security-hardening', 'vm-managed-identity', 5, 'Use managed identity to remove embedded credentials from automation and applications.'),
('journey-cost-optimization', 'spot-vm', 1, 'Use Spot capacity for interruptible batch or fault-tolerant jobs.'),
('journey-cost-optimization', 'reserved-instance', 2, 'Apply reservations to stable baseline demand that runs continuously.'),
('journey-cost-optimization', 'hybrid-benefit', 3, 'Layer eligible license benefits on top of compute purchases where supported.'),
('journey-cost-optimization', 'savings-plan', 4, 'Use a savings plan when spend is predictable but instance shapes may vary.'),
('journey-backup-dr', 'vm-backup', 1, 'Create policy-based backups that write recovery points into a Recovery Services vault.'),
('journey-backup-dr', 'restore-point', 2, 'Capture point-in-time disk state before risky changes or maintenance windows.'),
('journey-backup-dr', 'vm-snapshot', 3, 'Use snapshots for fast disk-level rollback or investigation workflows.'),
('journey-backup-dr', 'site-recovery', 4, 'Replicate the VM to a secondary region for orchestrated failover and failback.'),
('journey-monitoring-diagnostics', 'boot-diagnostics', 1, 'Turn on boot diagnostics to capture screenshots and serial logs during startup.'),
('journey-monitoring-diagnostics', 'serial-console', 2, 'Use Serial Console when the guest is unreachable through normal remote access paths.'),
('journey-monitoring-diagnostics', 'azure-monitor-agent', 3, 'Install Azure Monitor Agent to collect guest telemetry through data collection rules.'),
('journey-monitoring-diagnostics', 'vm-insights', 4, 'Use VM insights workbooks and dependency views to analyze health and performance trends.'),
('journey-monitoring-diagnostics', 'run-command', 5, 'Execute remote troubleshooting scripts through the VM agent when interactive access is constrained.'),
('journey-patching-maintenance', 'maintenance-config', 1, 'Define the maintenance window and scope that fits the workload tolerance.'),
('journey-patching-maintenance', 'update-management', 2, 'Use Azure Update Manager to assess compliance and schedule updates.'),
('journey-patching-maintenance', 'vm-guest-patching', 3, 'Enable Azure-orchestrated guest patching for critical and security updates.'),
('journey-patching-maintenance', 'hotpatch', 4, 'Prefer hotpatch-capable images when reducing reboot frequency is a priority.'),
('journey-patching-maintenance', 'scheduled-events', 5, 'Teach the application to react to maintenance notices and planned interruption signals.');

COMMIT;
